075807_341825.jpg,255.0,41.0,0.84338754,255.0,34.0,0.86855066,244.0,32.0,0.68834835,244.0,37.0,0.5740214,220.0,38.0,0.69353765,254.0,83.0,0.83077264,202.0,87.0,0.78700477,242.0,159.0,0.68611765,196.0,153.0,0.81793576,231.0,212.0,0.29711503,186.0,223.0,0.62125885,245.0,210.0,0.8383279,211.0,210.0,0.7709,178.0,272.0,0.8018484,292.0,212.0,0.8596538,120.0,279.0,0.9207804,298.0,324.0,0.88694537
075807_3418255.jpg,348.0,41.0,0.6953018,357.0,33.0,0.81369233,348.0,35.0,0.5981523,382.0,37.0,0.9167627,361.0,37.0,0.7258588,400.0,87.0,0.9222242,349.0,88.0,0.91392183,408.0,158.0,0.81238425,360.0,159.0,0.44805285,415.0,218.0,0.66167796,355.0,211.0,0.20498559,393.0,206.0,0.80229056,360.0,210.0,0.79190123,312.0,211.0,0.70984256,421.0,270.0,0.86258554,304.0,324.0,0.92853636,485.0,278.0,0.89944226
1.jpg,166.0,81.0,0.82490945,172.0,72.0,0.6787039,171.0,72.0,0.66532505,198.0,77.0,0.69274056,198.0,76.0,0.8149437,218.0,123.0,0.88252664,207.0,121.0,0.93004143,219.0,210.0,0.8891098,211.0,205.0,0.8102664,211.0,280.0,0.93340147,204.0,272.0,0.43896246,213.0,249.0,0.9097492,196.0,242.0,0.8885758,206.0,375.0,0.7830763,89.0,256.0,0.88733464,317.0,344.0,0.93611157,106.0,367.0,0.8032701
11.jpg,216.0,82.0,0.85023654,210.0,74.0,0.72685677,210.0,73.0,0.8388076,184.0,78.0,0.67583793,183.0,77.0,0.7835554,172.0,122.0,0.850898,165.0,127.0,0.92188597,167.0,208.0,0.6633663,157.0,212.0,0.9448905,175.0,277.0,0.38502553,169.0,283.0,0.6164973,178.0,244.0,0.87369436,167.0,249.0,0.8753937,289.0,257.0,0.54701126,174.0,375.0,0.7878514,274.0,365.0,0.5888934,62.0,345.0,0.77666587
13.jpg,70.0,122.0,0.896741,73.0,116.0,0.8343387,73.0,116.0,0.8432901,88.0,119.0,0.82647306,87.0,118.0,0.92640513,94.0,148.0,0.93533796,92.0,147.0,0.90293217,94.0,196.0,0.81912756,94.0,195.0,0.72351074,88.0,233.0,0.75698954,87.0,231.0,0.56634927,100.0,220.0,0.77325165,92.0,218.0,0.80459136,104.0,293.0,0.9047907,39.0,231.0,0.81556916,171.0,286.0,0.8920451,44.0,289.0,0.8408198
131553.jpg,170.0,69.0,0.81663024,163.0,64.0,0.81833714,164.0,64.0,0.81931156,144.0,69.0,0.819113,142.0,70.0,0.79980063,138.0,113.0,0.81711185,133.0,118.0,0.88648444,135.0,194.0,0.68520796,130.0,198.0,0.9153554,144.0,258.0,0.55806696,135.0,262.0,0.7031713,147.0,230.0,0.8819487,146.0,231.0,0.84823906,132.0,331.0,0.9190967,249.0,243.0,0.8389328,35.0,305.0,0.7798215,223.0,336.0,0.83066684
1315533.jpg,102.0,70.0,0.73565507,109.0,64.0,0.6996534,109.0,62.0,0.66069674,133.0,70.0,0.8252726,130.0,69.0,0.7804,139.0,120.0,0.8894816,134.0,116.0,0.9120672,142.0,199.0,0.7631091,142.0,197.0,0.72154635,134.0,262.0,0.8059768,132.0,257.0,0.6010692,127.0,232.0,0.8571572,126.0,231.0,0.8187595,25.0,243.0,0.84201294,141.0,331.0,0.8077162,52.0,337.0,0.9463601,236.0,305.0,0.90287757
131623.jpg,98.0,47.0,0.644572,95.0,42.0,0.881408,95.0,42.0,0.8326408,83.0,44.0,0.7975823,82.0,45.0,0.90012324,78.0,69.0,0.87907547,78.0,69.0,0.9754182,68.0,100.0,0.6575117,66.0,100.0,0.9101568,84.0,117.0,0.5412308,81.0,119.0,0.7049988,76.0,138.0,0.9019021,76.0,139.0,0.8411077,72.0,192.0,0.8910272,130.0,160.0,0.7054809,18.0,193.0,0.9134774,134.0,214.0,0.92563736
1316233.jpg,67.0,46.0,0.8271398,71.0,42.0,0.8858609,70.0,41.0,0.8865285,84.0,45.0,0.8805134,82.0,45.0,0.7145033,88.0,67.0,0.82979983,87.0,67.0,0.7809427,100.0,100.0,0.7099943,97.0,99.0,0.5762781,84.0,120.0,0.6064795,83.0,117.0,0.54392684,88.0,137.0,0.90938014,87.0,138.0,0.8139927,35.0,160.0,0.7635965,94.0,192.0,0.91234744,32.0,215.0,0.73266214,145.0,194.0,0.8996465
133.jpg,133.0,122.0,0.8121486,129.0,117.0,0.863428,129.0,117.0,0.7838007,116.0,117.0,0.8695946,115.0,118.0,0.89113164,112.0,145.0,0.5977496,109.0,147.0,0.90918005,111.0,193.0,0.682986,107.0,195.0,0.9044634,115.0,232.0,0.57613456,114.0,232.0,0.7146294,107.0,220.0,0.8272047,102.0,221.0,0.87613404,163.0,231.0,0.754883,99.0,292.0,0.89638644,160.0,288.0,0.82170117,33.0,287.0,0.83767605
133511.jpg,256.0,64.0,0.85136575,250.0,57.0,0.88016534,251.0,57.0,0.8506485,233.0,65.0,0.76597905,232.0,66.0,0.8537694,216.0,107.0,0.7456199,216.0,110.0,0.9018961,205.0,182.0,0.7523917,205.0,183.0,0.85072124,222.0,241.0,0.6216088,224.0,242.0,0.77423877,190.0,222.0,0.812912,195.0,223.0,0.77410483,155.0,296.0,0.8206957,286.0,245.0,0.8443973,65.0,285.0,0.9138687,236.0,325.0,0.918899
1335111.jpg,52.0,64.0,0.87768006,58.0,57.0,0.8850761,58.0,56.0,0.8745725,79.0,66.0,0.90797305,78.0,65.0,0.8110698,95.0,109.0,0.9007449,95.0,107.0,0.79545385,102.0,183.0,0.76991135,104.0,180.0,0.63388896,86.0,243.0,0.68138885,89.0,240.0,0.7578032,115.0,221.0,0.8486331,119.0,221.0,0.7657226,23.0,244.0,0.90063685,154.0,296.0,0.80399996,73.0,326.0,0.96465063,242.0,286.0,0.90216655
133643.jpg,160.0,58.0,0.78238827,162.0,49.0,0.8193724,148.0,50.0,0.8970067,155.0,53.0,0.57940966,126.0,58.0,0.8455163,166.0,104.0,0.9003461,113.0,111.0,0.9164475,158.0,169.0,0.5735862,104.0,188.0,0.70350325,166.0,226.0,0.41344774,111.0,247.0,0.69401014,165.0,225.0,0.8363147,132.0,229.0,0.88531315,238.0,254.0,0.92886263,127.0,350.0,0.84664464,232.0,368.0,0.8292519,53.0,330.0,0.892817
1336433.jpg,146.0,58.0,0.8277966,157.0,50.0,0.9103122,144.0,49.0,0.87283826,180.0,57.0,0.79997146,152.0,53.0,0.4588167,193.0,109.0,0.86955875,137.0,103.0,0.8890445,200.0,186.0,0.8285023,146.0,170.0,0.7218025,192.0,246.0,0.89979583,140.0,224.0,0.34860516,175.0,232.0,0.88126117,140.0,227.0,0.80376244,180.0,350.0,0.90703446,68.0,257.0,0.85388947,251.0,329.0,0.92379916,75.0,368.0,0.9519054
1905188244.jpg,450.0,456.0,0.8704256,439.0,439.0,0.84995663,435.0,439.0,0.8491469,393.0,440.0,0.89700294,383.0,442.0,0.67523015,398.0,511.0,0.8631633,346.0,520.0,0.83425325,334.0,604.0,0.42187712,247.0,635.0,0.7803496,361.0,701.0,0.6156932,333.0,713.0,0.89298284,433.0,751.0,0.91197914,371.0,763.0,0.94154954,604.0,729.0,0.8974518,285.0,955.0,0.85614955,625.0,923.0,0.89262426,105.0,880.0,0.79327667
1a.jpg,134.0,90.0,0.77792895,146.0,79.0,0.84004724,131.0,79.0,0.84622335,175.0,82.0,0.77439225,141.0,79.0,0.68152225,208.0,138.0,0.82575905,118.0,135.0,0.95300806,218.0,225.0,0.8325857,116.0,211.0,0.7762019,219.0,300.0,0.7752405,105.0,280.0,0.52958214,187.0,276.0,0.8470168,139.0,268.0,0.8426038,173.0,421.0,0.8522903,58.0,314.0,0.9140325,243.0,351.0,0.80929184,79.0,445.0,0.92350113
1aA.jpg,178.0,91.0,0.55741876,180.0,80.0,0.7685685,166.0,80.0,0.7741809,169.0,81.0,0.6949754,136.0,82.0,0.83648354,192.0,135.0,0.8220072,104.0,137.0,0.95211077,196.0,209.0,0.6147187,91.0,226.0,0.8872837,205.0,272.0,0.6568707,89.0,304.0,0.7107198,170.0,267.0,0.86466867,125.0,269.0,0.9166186,253.0,313.0,0.75412256,134.0,419.0,0.90197283,232.0,445.0,0.8314639,68.0,349.0,0.864653
1e.jpg,126.0,101.0,0.72618186,138.0,89.0,0.7588655,119.0,89.0,0.82846045,160.0,92.0,0.8180175,118.0,92.0,0.67635447,190.0,150.0,0.86117786,92.0,148.0,0.9455686,205.0,243.0,0.8556597,86.0,229.0,0.90156555,208.0,321.0,0.7619518,74.0,301.0,0.61455905,166.0,295.0,0.79356027,117.0,287.0,0.7855648,156.0,448.0,0.79025805,72.0,330.0,0.86766255,195.0,378.0,0.6553149,85.0,476.0,0.866352
1ee.jpg,135.0,102.0,0.83560103,141.0,92.0,0.7630055,123.0,91.0,0.5169049,141.0,94.0,0.71901894,99.0,94.0,0.79200166,167.0,151.0,0.94652,68.0,153.0,0.9436516,177.0,233.0,0.9014605,56.0,241.0,0.7929277,185.0,305.0,0.7350197,52.0,331.0,0.58980143,141.0,287.0,0.88939035,89.0,292.0,0.8996046,188.0,335.0,0.6848198,102.0,449.0,0.7841773,175.0,477.0,0.90894085,75.0,387.0,0.74403375
1f.jpg,116.0,82.0,0.49792153,126.0,69.0,0.7915875,104.0,71.0,0.7980646,141.0,71.0,0.73817927,89.0,72.0,0.6755905,165.0,127.0,0.9190509,63.0,128.0,0.8475349,178.0,217.0,0.7075986,52.0,212.0,0.93339473,189.0,290.0,0.8016833,44.0,293.0,0.94061863,145.0,271.0,0.8804572,92.0,270.0,0.7586477,138.0,426.0,0.8792759,91.0,327.0,0.3834421,120.0,379.0,0.47819838,98.0,472.0,0.8217147
1ff.jpg,128.0,81.0,0.80823696,139.0,71.0,0.7385267,118.0,70.0,0.6328335,153.0,73.0,0.84035826,105.0,72.0,0.8147837,182.0,129.0,0.87919754,79.0,128.0,0.9080197,193.0,213.0,0.7228101,67.0,216.0,0.86709976,201.0,291.0,0.92876613,61.0,293.0,0.81745553,151.0,265.0,0.74038815,97.0,269.0,0.86675507,152.0,324.0,0.55023956,108.0,427.0,0.8765343,147.0,473.0,0.83501965,128.0,380.0,0.47256708
1g.jpg,145.0,79.0,0.7907362,147.0,67.0,0.57786226,133.0,68.0,0.61557966,134.0,64.0,0.5993842,103.0,64.0,0.6192443,159.0,121.0,0.933619,67.0,129.0,0.92516035,161.0,211.0,0.74177754,56.0,223.0,0.887187,171.0,297.0,0.7044593,53.0,309.0,0.53881884,150.0,274.0,0.8112583,93.0,276.0,0.8557905,134.0,421.0,0.9076306,192.0,320.0,0.82052714,55.0,359.0,0.6762511,185.0,467.0,0.8934585
1gg.jpg,135.0,79.0,0.74131966,147.0,67.0,0.6590105,133.0,67.0,0.58037865,177.0,65.0,0.75247234,149.0,65.0,0.48555794,216.0,129.0,0.8723591,125.0,121.0,0.88403654,223.0,222.0,0.833196,122.0,206.0,0.6106449,225.0,309.0,0.5262722,107.0,286.0,0.5031613,189.0,271.0,0.8373212,128.0,268.0,0.79496044,88.0,322.0,0.7036158,146.0,420.0,0.92708886,96.0,466.0,0.89427054,230.0,353.0,0.7886606
1h.jpg,186.0,95.0,0.81766987,182.0,83.0,0.604375,176.0,84.0,0.71842444,156.0,83.0,0.51894635,139.0,83.0,0.595224,170.0,131.0,0.87823415,108.0,144.0,0.7216376,174.0,221.0,0.47018766,100.0,242.0,0.84792656,180.0,277.0,0.25479153,105.0,326.0,0.8152803,165.0,292.0,0.845464,139.0,294.0,0.81769216,159.0,431.0,0.79420304,260.0,327.0,0.81496084,48.0,385.0,0.8645016,247.0,467.0,0.8905261
1hh.jpg,143.0,94.0,0.78924954,152.0,82.0,0.75947595,146.0,82.0,0.6851287,186.0,82.0,0.58447814,175.0,81.0,0.53202415,223.0,145.0,0.9122314,154.0,137.0,0.8984967,232.0,242.0,0.9009687,161.0,223.0,0.68967545,223.0,323.0,0.8639926,166.0,291.0,0.26545638,198.0,291.0,0.8735416,167.0,287.0,0.81722206,68.0,324.0,0.8570994,174.0,433.0,0.9180608,83.0,468.0,0.90462184,280.0,386.0,0.8814662
1i.jpg,216.0,83.0,0.83734137,209.0,71.0,0.7435279,209.0,71.0,0.81258106,176.0,74.0,0.81889826,176.0,74.0,0.6287801,169.0,128.0,0.7237874,148.0,134.0,0.9321842,167.0,227.0,0.3937951,153.0,232.0,0.76429564,187.0,301.0,0.21012484,169.0,321.0,0.89465475,172.0,276.0,0.8572539,165.0,280.0,0.83661544,173.0,413.0,0.6830648,310.0,296.0,0.88150966,47.0,392.0,0.89150536,290.0,428.0,0.93890846
1ii.jpg,145.0,84.0,0.8525009,152.0,72.0,0.8197616,152.0,71.0,0.81389165,184.0,76.0,0.7416248,185.0,76.0,0.7833401,210.0,135.0,0.8071755,181.0,132.0,0.9004206,205.0,237.0,0.8183465,187.0,227.0,0.6473707,187.0,323.0,0.85259926,173.0,310.0,0.39918813,203.0,277.0,0.89864844,176.0,269.0,0.8960144,189.0,416.0,0.75309885,50.0,295.0,0.8346881,318.0,392.0,0.90515065,68.0,429.0,0.8709746
1j.jpg,184.0,80.0,0.47945198,177.0,68.0,0.4047096,188.0,70.0,0.5926564,149.0,71.0,0.5768399,186.0,76.0,0.6978862,111.0,122.0,0.93780077,187.0,137.0,0.6641116,110.0,196.0,0.8182208,188.0,219.0,0.6810479,109.0,258.0,0.76329935,206.0,290.0,0.6626024,135.0,252.0,0.8166073,164.0,254.0,0.7289581,255.0,247.0,0.37758604,257.0,248.0,0.79448426,238.0,363.0,0.6862088,238.0,362.0,0.44723704
1jjj.jpg,107.0,78.0,0.5312276,102.0,68.0,0.48572534,113.0,66.0,0.6615315,105.0,76.0,0.7003378,136.0,70.0,0.572948,95.0,137.0,0.68913734,178.0,123.0,0.7761606,97.0,214.0,0.6580885,179.0,197.0,0.6159796,84.0,284.0,0.93585217,180.0,266.0,0.6692381,118.0,253.0,0.76365334,155.0,258.0,0.6823166,27.0,247.0,0.59494716,142.0,377.0,0.68984604,50.0,363.0,0.71324354,232.0,388.0,0.16923073
1k.jpg,112.0,61.0,0.5558907,105.0,50.0,0.6012696,122.0,51.0,0.6156987,92.0,58.0,0.68958396,135.0,62.0,0.58733547,62.0,112.0,0.842453,149.0,118.0,0.90839934,52.0,182.0,0.60539466,156.0,194.0,0.7674947,51.0,244.0,0.605075,166.0,247.0,0.64903367,93.0,234.0,0.5300352,122.0,235.0,0.54498553,147.0,257.0,0.13445789,91.0,346.0,0.49991515,149.0,323.0,0.6714475,54.0,373.0,0.5812466
1kk.jpg,104.0,60.0,0.5633371,95.0,50.0,0.50569606,112.0,49.0,0.57773626,85.0,60.0,0.6808945,124.0,58.0,0.7032885,67.0,117.0,0.8059833,154.0,111.0,0.8910903,63.0,192.0,0.79004765,162.0,184.0,0.72651744,49.0,251.0,0.7047491,168.0,245.0,0.56208646,87.0,232.0,0.7399801,135.0,236.0,0.6958144,65.0,255.0,0.2425587,125.0,345.0,0.55457205,69.0,324.0,0.35355195,133.0,347.0,0.2110372
1l.jpg,101.0,70.0,0.5483562,94.0,61.0,0.49994206,110.0,61.0,0.59293497,83.0,71.0,0.6355264,121.0,71.0,0.7302544,58.0,128.0,0.77905387,144.0,123.0,0.8618276,49.0,199.0,0.80316377,152.0,195.0,0.8933793,40.0,258.0,0.8388182,158.0,250.0,0.86350965,79.0,243.0,0.77085376,126.0,243.0,0.8232634,81.0,344.0,0.71823,112.0,274.0,0.6235336,98.0,381.0,0.7495029,107.0,325.0,0.5950273
1ll.jpg,125.0,71.0,0.5301284,116.0,60.0,0.6496637,133.0,60.0,0.7169552,105.0,69.0,0.7302036,143.0,70.0,0.6272021,81.0,123.0,0.91761625,166.0,123.0,0.8911218,74.0,192.0,0.6995187,174.0,198.0,0.7984756,68.0,249.0,0.8143461,186.0,253.0,0.7462872,101.0,242.0,0.7717791,146.0,245.0,0.8426006,119.0,279.0,0.32208836,144.0,350.0,0.860421,124.0,329.0,0.7334428,127.0,374.0,0.44608834
1m.jpg,77.0,44.0,0.5050752,70.0,36.0,0.5459779,85.0,34.0,0.58925277,58.0,48.0,0.7664038,97.0,44.0,0.58382773,43.0,100.0,0.852049,123.0,95.0,0.9036138,38.0,173.0,0.6440655,130.0,164.0,0.7776261,29.0,235.0,0.64740765,132.0,219.0,0.78429604,68.0,213.0,0.77434504,107.0,209.0,0.7605567,63.0,326.0,0.74558556,83.0,231.0,0.2704093,124.0,351.0,0.6291419,54.0,286.0,0.44419894
1mm.jpg,121.0,46.0,0.5082073,112.0,35.0,0.6577317,130.0,38.0,0.46844593,100.0,44.0,0.5785365,140.0,48.0,0.57767546,75.0,96.0,0.89057267,155.0,103.0,0.8868006,71.0,163.0,0.71580136,160.0,178.0,0.76520646,70.0,218.0,0.7571136,169.0,236.0,0.63483006,95.0,210.0,0.65074563,130.0,217.0,0.7258222,145.0,230.0,0.23111926,135.0,327.0,0.8444314,141.0,243.0,0.11633733,73.0,350.0,0.83978003
1n.jpg,104.0,69.0,0.64803404,103.0,61.0,0.71462315,110.0,59.0,0.5518965,113.0,65.0,0.60281104,130.0,61.0,0.52789533,118.0,115.0,0.89526623,171.0,108.0,0.8820798,116.0,200.0,0.5429365,174.0,177.0,0.527344,104.0,269.0,0.9379268,171.0,236.0,0.3690316,133.0,233.0,0.87342554,153.0,230.0,0.757478,125.0,354.0,0.8664855,53.0,218.0,0.8466885,227.0,353.0,0.8524588,64.0,324.0,0.8529645
1nn.jpg,163.0,69.0,0.733197,158.0,60.0,0.65527517,163.0,61.0,0.78784454,136.0,63.0,0.73467964,152.0,66.0,0.69060457,94.0,107.0,0.9205926,154.0,119.0,0.80024374,92.0,180.0,0.64626896,151.0,198.0,0.7350056,95.0,241.0,0.49765995,162.0,270.0,0.7588382,111.0,227.0,0.8719002,136.0,231.0,0.8706999,212.0,217.0,0.8890712,143.0,355.0,0.82099235,202.0,323.0,0.9218592,38.0,352.0,0.8589547
1o.jpg,150.0,80.0,0.85605717,154.0,71.0,0.7650894,156.0,70.0,0.85180545,175.0,76.0,0.77907,179.0,74.0,0.8031389,184.0,122.0,0.8564457,207.0,115.0,0.79202145,181.0,209.0,0.78192055,202.0,197.0,0.46542555,171.0,281.0,0.80107963,183.0,268.0,0.29677314,195.0,242.0,0.9095813,198.0,238.0,0.85545856,183.0,367.0,0.76379573,93.0,236.0,0.7965658,295.0,356.0,0.9227175,105.0,342.0,0.88389957
1oo.jpg,194.0,79.0,0.77418745,189.0,70.0,0.8521269,191.0,70.0,0.84012073,167.0,75.0,0.83456576,171.0,76.0,0.82218856,140.0,115.0,0.52936554,166.0,128.0,0.8541936,147.0,198.0,0.3640203,166.0,212.0,0.79589075,155.0,260.0,0.20561998,177.0,279.0,0.8154726,143.0,246.0,0.8259406,156.0,246.0,0.75328207,162.0,365.0,0.74434954,252.0,235.0,0.8109611,53.0,356.0,0.57186544,241.0,341.0,0.83121294
1p.jpg,142.0,76.0,0.7086196,148.0,67.0,0.7962591,148.0,66.0,0.7552115,172.0,74.0,0.86655366,172.0,73.0,0.8288974,189.0,120.0,0.773003,184.0,117.0,0.8543797,189.0,211.0,0.90701485,185.0,207.0,0.7471582,176.0,285.0,0.77229965,172.0,275.0,0.55977845,192.0,243.0,0.8748412,182.0,240.0,0.8803913,181.0,371.0,0.9095894,73.0,247.0,0.8847814,297.0,351.0,0.8543588,87.0,357.0,0.80889213
1pp.jpg,206.0,79.0,0.61676913,199.0,70.0,0.6887621,200.0,70.0,0.62391293,177.0,76.0,0.84114075,177.0,76.0,0.74462247,164.0,119.0,0.5873326,162.0,123.0,0.8511612,164.0,206.0,0.6463619,158.0,211.0,0.85111535,175.0,276.0,0.5875975,171.0,281.0,0.8533794,164.0,242.0,0.8826091,156.0,246.0,0.88250166,275.0,247.0,0.7894342,168.0,374.0,0.8522301,261.0,356.0,0.94554603,53.0,352.0,0.82376325
1q.jpg,141.0,77.0,0.8285354,148.0,68.0,0.787643,147.0,68.0,0.7261402,177.0,74.0,0.84920615,176.0,72.0,0.7418041,201.0,122.0,0.93962485,178.0,116.0,0.9021719,206.0,211.0,0.90597093,188.0,203.0,0.5641386,198.0,284.0,0.91961414,182.0,270.0,0.32531318,192.0,251.0,0.9178741,171.0,242.0,0.90325147,188.0,379.0,0.8858657,63.0,261.0,0.88988096,301.0,344.0,0.8920601,81.0,374.0,0.942946
1qq.jpg,205.0,78.0,0.86534727,198.0,68.0,0.8006236,197.0,68.0,0.84072053,171.0,72.0,0.795328,168.0,73.0,0.72853404,167.0,117.0,0.7647821,144.0,124.0,0.8959551,153.0,204.0,0.6887636,137.0,212.0,0.93501234,175.0,266.0,0.23913354,147.0,284.0,0.87856823,171.0,242.0,0.90801126,152.0,248.0,0.8895194,284.0,260.0,0.70272887,157.0,380.0,0.7854284,264.0,374.0,0.8824737,45.0,341.0,0.80174595
1r.jpg,140.0,79.0,0.6603724,148.0,71.0,0.80498254,147.0,70.0,0.8083178,176.0,76.0,0.9173325,174.0,74.0,0.7820831,199.0,125.0,0.8984986,180.0,119.0,0.8698702,205.0,213.0,0.9257062,189.0,203.0,0.6544813,196.0,285.0,0.95752615,183.0,273.0,0.41141963,195.0,252.0,0.9105632,168.0,244.0,0.9036991,199.0,388.0,0.92934084,60.0,262.0,0.7560796,309.0,341.0,0.924173,80.0,378.0,0.79200214
1rr.jpg,259.0,80.0,0.7601696,252.0,70.0,0.8267101,251.0,71.0,0.8912524,226.0,75.0,0.73046803,222.0,77.0,0.8592623,220.0,120.0,0.6661552,203.0,126.0,0.79796255,206.0,207.0,0.704064,193.0,213.0,0.9001172,211.0,278.0,0.40772626,201.0,284.0,0.84096855,224.0,248.0,0.8904067,209.0,251.0,0.8502395,338.0,262.0,0.86804414,203.0,385.0,0.766634,319.0,377.0,0.7532735,91.0,340.0,0.78143346
1s.jpg,168.0,86.0,0.6247349,178.0,76.0,0.8001996,167.0,76.0,0.81354237,210.0,80.0,0.8919027,184.0,76.0,0.59211195,241.0,136.0,0.9388009,159.0,130.0,0.9149852,252.0,223.0,0.9042508,162.0,202.0,0.7824505,252.0,297.0,0.84911287,151.0,264.0,0.5557245,223.0,269.0,0.88276374,175.0,263.0,0.8776416,228.0,411.0,0.77654505,86.0,302.0,0.8977879,306.0,336.0,0.80278754,108.0,431.0,0.94550765
1ss.jpg,183.0,86.0,0.6711178,184.0,75.0,0.7224608,172.0,76.0,0.7988314,169.0,76.0,0.67377913,142.0,78.0,0.8920008,190.0,129.0,0.8349261,110.0,136.0,0.78921354,193.0,202.0,0.56716084,99.0,222.0,0.70863044,199.0,265.0,0.5386482,100.0,294.0,0.8590285,172.0,263.0,0.83949804,130.0,265.0,0.9306784,262.0,302.0,0.7612976,122.0,411.0,0.94448924,241.0,430.0,0.89961064,45.0,337.0,0.9107447
1t.jpg,102.0,75.0,0.79560804,115.0,62.0,0.7073152,95.0,64.0,0.65284944,137.0,63.0,0.78179383,94.0,64.0,0.6580974,167.0,121.0,0.9019252,68.0,120.0,0.7904777,179.0,209.0,0.8891473,61.0,198.0,0.8906313,186.0,288.0,0.88087016,51.0,268.0,0.72671777,146.0,262.0,0.9078977,93.0,258.0,0.85001117,150.0,409.0,0.9060873,51.0,308.0,0.8000918,177.0,348.0,0.64632136,64.0,450.0,0.7444762
1tt.jpg,163.0,76.0,0.7865327,169.0,65.0,0.7972293,151.0,65.0,0.33791265,168.0,65.0,0.64443594,127.0,65.0,0.7861525,195.0,120.0,0.87789243,95.0,121.0,0.92891014,204.0,198.0,0.85157037,82.0,211.0,0.68595433,212.0,274.0,0.76891947,78.0,290.0,0.9085025,163.0,257.0,0.8204973,114.0,260.0,0.9013114,214.0,313.0,0.7516308,110.0,408.0,0.8877808,200.0,448.0,0.89572954,91.0,336.0,0.6028352
1u.jpg,222.0,109.0,0.7292428,219.0,96.0,0.8363433,213.0,98.0,0.76291084,199.0,95.0,0.6618097,180.0,98.0,0.7698001,207.0,139.0,0.7846433,144.0,157.0,0.85492074,201.0,232.0,0.42912576,138.0,254.0,0.90690804,199.0,296.0,0.35132465,149.0,333.0,0.6714711,197.0,299.0,0.86590886,172.0,307.0,0.78179777,186.0,415.0,0.7717439,297.0,343.0,0.66293776,80.0,361.0,0.8228355,275.0,464.0,0.9246881
1uu.jpg,173.0,110.0,0.65945184,183.0,99.0,0.67179185,177.0,98.0,0.82195956,213.0,97.0,0.6737172,204.0,96.0,0.73495257,251.0,161.0,0.8443092,189.0,135.0,0.6340229,259.0,255.0,0.77309895,191.0,221.0,0.3558473,249.0,334.0,0.74493396,192.0,285.0,0.3269986,223.0,302.0,0.8733489,200.0,294.0,0.8394218,99.0,341.0,0.7498313,210.0,418.0,0.9031906,117.0,466.0,0.9317381,313.0,361.0,0.8184632
29.jpg,213.0,61.0,0.8039459,220.0,56.0,0.6858971,219.0,55.0,0.7194023,238.0,63.0,0.854779,236.0,63.0,0.812106,237.0,101.0,0.7882315,232.0,99.0,0.8442823,235.0,166.0,0.7093056,235.0,165.0,0.78265345,221.0,215.0,0.7718741,220.0,210.0,0.5142137,239.0,202.0,0.84199476,227.0,197.0,0.8296467,264.0,281.0,0.9042237,149.0,199.0,0.6087113,335.0,256.0,0.8043225,170.0,277.0,0.92741567
2l.jpg,138.0,118.0,0.81627184,146.0,110.0,0.84823453,145.0,110.0,0.7512728,174.0,120.0,0.9286339,171.0,118.0,0.8964984,186.0,173.0,0.94894856,177.0,170.0,0.9237925,188.0,258.0,0.89325476,186.0,256.0,0.85086226,177.0,327.0,0.57832223,175.0,322.0,0.5292493,178.0,301.0,0.81630397,173.0,301.0,0.7332536,67.0,339.0,0.8988055,190.0,420.0,0.82351255,90.0,447.0,0.8926891,297.0,423.0,0.8111885
32115.jpg,63.0,27.0,0.81382877,63.0,23.0,0.7831191,57.0,23.0,0.7563294,59.0,24.0,0.60461926,45.0,24.0,0.5334301,66.0,50.0,0.7860879,37.0,52.0,0.94035524,69.0,88.0,0.49392676,34.0,91.0,0.7680347,77.0,116.0,0.4893958,38.0,126.0,0.76828456,66.0,114.0,0.89077085,48.0,113.0,0.8355441,56.0,171.0,0.8969393,89.0,128.0,0.880975,10.0,164.0,0.73105764,79.0,185.0,0.9418139
321155.jpg,48.0,27.0,0.8489563,53.0,22.0,0.77094215,47.0,22.0,0.79997563,66.0,24.0,0.6032686,52.0,23.0,0.66391945,75.0,52.0,0.92061454,46.0,50.0,0.8155712,77.0,90.0,0.79781765,42.0,86.0,0.8299272,73.0,125.0,0.76975715,33.0,113.0,0.7660953,62.0,113.0,0.7885629,47.0,113.0,0.6385655,22.0,128.0,0.86159825,54.0,172.0,0.87592876,31.0,186.0,0.88025904,100.0,165.0,0.8127214
34201.jpg,157.0,77.0,0.6823362,154.0,71.0,0.8226378,151.0,72.0,0.7407685,140.0,72.0,0.6285957,134.0,75.0,0.6209767,150.0,109.0,0.7763704,119.0,109.0,0.8713113,124.0,146.0,0.26501328,86.0,154.0,0.8619295,135.0,182.0,0.47025877,108.0,190.0,0.8330308,141.0,196.0,0.9182102,115.0,199.0,0.8170985,197.0,215.0,0.72036123,99.0,278.0,0.88410157,193.0,290.0,0.8612435,51.0,248.0,0.84505284
342011.jpg,91.0,78.0,0.6598602,99.0,72.0,0.6180976,94.0,71.0,0.7573595,116.0,74.0,0.8231651,108.0,72.0,0.6451156,131.0,110.0,0.71501243,97.0,108.0,0.7087457,164.0,154.0,0.9319289,125.0,149.0,0.5184907,145.0,188.0,0.6970915,119.0,185.0,0.5017456,136.0,201.0,0.89595383,109.0,199.0,0.90399843,148.0,279.0,0.8192213,52.0,216.0,0.8039849,198.0,248.0,0.8897269,56.0,292.0,0.75988454
600.jpg,368.0,46.0,0.8746451,359.0,38.0,0.76906776,359.0,38.0,0.72072434,337.0,45.0,0.8424198,335.0,45.0,0.82133096,331.0,95.0,0.861376,335.0,97.0,0.835591,336.0,185.0,0.6845784,337.0,189.0,0.8901441,350.0,260.0,0.5675296,354.0,264.0,0.73507285,321.0,230.0,0.83375406,334.0,234.0,0.8037812,232.0,304.0,0.944393,456.0,243.0,0.8575644,120.0,324.0,0.78580636,447.0,354.0,0.7449336
6000.jpg,230.0,46.0,0.85902005,240.0,37.0,0.7928967,240.0,36.0,0.71673644,264.0,47.0,0.9293746,263.0,46.0,0.9041032,263.0,104.0,0.93879735,266.0,101.0,0.9289944,261.0,185.0,0.55751467,264.0,180.0,0.8107429,245.0,260.0,0.5820259,249.0,249.0,0.60062337,263.0,229.0,0.8793679,281.0,225.0,0.84373885,145.0,243.0,0.7733152,363.0,304.0,0.89851123,149.0,355.0,0.9155626,478.0,327.0,0.80616117
6666.jpg,492.0,107.0,0.83141255,483.0,95.0,0.70835125,482.0,93.0,0.7733948,448.0,99.0,0.698748,446.0,100.0,0.5397937,428.0,168.0,0.9066148,416.0,167.0,0.8193952,425.0,292.0,0.7531898,414.0,296.0,0.923727,458.0,379.0,0.6286284,457.0,384.0,0.83343554,408.0,371.0,0.87335986,389.0,371.0,0.8479696,533.0,410.0,0.7610533,339.0,518.0,0.8308777,477.0,548.0,0.6376349,201.0,519.0,0.8635566
8322.jpg,639.0,112.0,0.7235065,629.0,97.0,0.8759905,628.0,97.0,0.8217583,592.0,105.0,0.774071,587.0,106.0,0.9183122,561.0,171.0,0.5394558,573.0,178.0,0.67889035,553.0,276.0,0.35260585,563.0,290.0,0.7347734,576.0,332.0,0.15629734,590.0,377.0,0.37262848,579.0,408.0,0.8358131,585.0,406.0,0.8574921,759.0,433.0,0.7513126,546.0,563.0,0.3473317,756.0,596.0,0.5935708,755.0,595.0,0.50433564
840_560.jpg,391.0,81.0,0.8019565,401.0,67.0,0.7036191,399.0,68.0,0.9200117,444.0,70.0,0.9268787,436.0,71.0,0.8311386,463.0,141.0,0.833406,443.0,138.0,0.9060695,465.0,272.0,0.61913943,448.0,264.0,0.74824643,449.0,380.0,0.80619365,431.0,362.0,0.46655044,470.0,343.0,0.86044145,433.0,331.0,0.85895246,513.0,506.0,0.89208007,272.0,341.0,0.88070023,675.0,479.0,0.8859027,295.0,507.0,0.9492458
840_5600.jpg,449.0,81.0,0.5849224,442.0,67.0,0.80465484,437.0,67.0,0.74720347,403.0,69.0,0.80592966,397.0,71.0,0.9363754,401.0,139.0,0.5952193,374.0,139.0,0.8976543,399.0,266.0,0.8285376,372.0,273.0,0.94360775,426.0,361.0,0.6083094,390.0,381.0,0.6601498,410.0,338.0,0.8827455,372.0,345.0,0.90543824,567.0,344.0,0.87647736,325.0,508.0,0.9378145,543.0,508.0,0.9328486,163.0,478.0,0.7950586
9.jpg,247.0,61.0,0.8021168,239.0,55.0,0.8712467,239.0,55.0,0.8766097,224.0,62.0,0.7091768,223.0,63.0,0.89611846,229.0,99.0,0.6082733,221.0,102.0,0.9662051,227.0,165.0,0.8287522,221.0,166.0,0.92888397,239.0,210.0,0.70173746,236.0,212.0,0.7407005,231.0,196.0,0.8803115,219.0,200.0,0.89022505,311.0,199.0,0.8080485,196.0,282.0,0.874229,289.0,276.0,0.91663206,123.0,255.0,0.8708159
Captura de pantalla 2022-05-30 131730.jpg,56.0,22.0,0.8580971,59.0,19.0,0.8073004,55.0,19.0,0.7930075,68.0,20.0,0.8782885,61.0,20.0,0.7921367,77.0,37.0,0.91321146,54.0,41.0,0.8965625,85.0,62.0,0.8039683,43.0,66.0,0.8236233,91.0,84.0,0.8825237,31.0,79.0,0.6629168,73.0,79.0,0.89207244,63.0,79.0,0.824609,37.0,74.0,0.6742618,75.0,118.0,0.9090712,36.0,116.0,0.95318294,109.0,108.0,0.8748354
Captura de pantalla 2022-05-30 1317300.jpg,63.0,22.0,0.66949666,64.0,19.0,0.6894785,60.0,19.0,0.72627807,58.0,20.0,0.76697624,52.0,19.0,0.8809653,65.0,41.0,0.9254088,42.0,38.0,0.9246835,76.0,65.0,0.87494123,34.0,61.0,0.90463954,89.0,80.0,0.6853283,28.0,84.0,0.84085083,56.0,78.0,0.86052126,46.0,78.0,0.8523457,43.0,118.0,0.8822633,83.0,74.0,0.71919614,10.0,109.0,0.843814,83.0,116.0,0.93419564
DSC00516.jpg,404.0,95.0,0.8273856,395.0,85.0,0.87294704,395.0,85.0,0.88241625,368.0,92.0,0.6986885,365.0,93.0,0.9245097,353.0,151.0,0.80611694,348.0,155.0,0.7277336,358.0,254.0,0.5217151,351.0,257.0,0.7631717,395.0,330.0,0.7674749,393.0,331.0,0.64322007,361.0,322.0,0.85273576,359.0,326.0,0.78929406,340.0,421.0,0.80664957,491.0,302.0,0.9427992,220.0,390.0,0.70115215,482.0,436.0,0.76531434
DSC005166.jpg,393.0,94.0,0.8466251,402.0,85.0,0.88428664,402.0,84.0,0.9031343,432.0,93.0,0.9414191,431.0,92.0,0.9042957,449.0,156.0,0.8152341,440.0,152.0,0.9109542,442.0,257.0,0.8037833,441.0,255.0,0.8244565,411.0,332.0,0.91273344,409.0,319.0,0.6675514,441.0,320.0,0.86575055,433.0,318.0,0.68276256,305.0,301.0,0.9075615,462.0,419.0,0.78216153,316.0,434.0,0.86765367,580.0,390.0,0.8317683
IMG_20220618_194637.jpg,1034.0,1285.0,0.72071695,920.0,1286.0,0.71122396,947.0,1311.0,0.7336122,826.0,1552.0,0.8259564,864.0,1579.0,0.720798,1027.0,1604.0,0.42388684,1420.0,2094.0,0.7241968,1660.0,1566.0,0.25066677,2310.0,2226.0,0.7943739,2037.0,1536.0,0.26646376,2923.0,1913.0,0.7806101,2187.0,1436.0,0.6720439,2562.0,1748.0,0.64576125,2332.0,504.0,0.7077627,2350.0,533.0,0.5883003,3055.0,569.0,0.7697877,3081.0,579.0,0.44855252
IMG_20220618_1946377.jpg,1301.0,1048.0,0.8355476,1325.0,938.0,0.7506198,1298.0,937.0,0.55960387,1589.0,832.0,0.9247822,1553.0,830.0,0.7947006,2109.0,1396.0,0.9048191,1626.0,1170.0,0.7087326,2195.0,2292.0,0.8825985,1785.0,1967.0,0.50178605,1920.0,2937.0,0.85813415,1670.0,2606.0,0.14880477,1706.0,2408.0,0.81363195,1353.0,2228.0,0.8267705,1766.0,3218.0,0.40865582,521.0,2348.0,0.83170664,2311.0,2892.0,0.64916456,581.0,3100.0,0.8285217
IMG_20220618_19463777.jpg,1699.0,1049.0,0.7079742,1679.0,927.0,0.6805222,1674.0,940.0,0.76182616,1412.0,836.0,0.70830214,1399.0,842.0,0.9152202,1377.0,1167.0,0.5160724,882.0,1368.0,0.73657405,1366.0,1917.0,0.47332382,817.0,2287.0,0.6981876,1636.0,2275.0,0.40970826,1097.0,2955.0,0.7770841,1638.0,2234.0,0.8461256,1319.0,2428.0,0.8827834,2471.0,2328.0,0.7622012,1314.0,3294.0,0.43646455,2395.0,3092.0,0.8390012,1066.0,3050.0,0.21268561
IMG_20220618_194639.jpg,767.0,1355.0,0.77985215,656.0,1388.0,0.57636213,650.0,1466.0,0.819034,691.0,1623.0,0.71556854,721.0,1823.0,0.7884404,1103.0,1474.0,0.6922159,1346.0,2096.0,0.8007215,1820.0,1479.0,0.3793737,2242.0,2224.0,0.69363725,2222.0,1370.0,0.29300988,2916.0,1952.0,0.83929986,2321.0,1323.0,0.599872,2655.0,1684.0,0.5699451,2393.0,396.0,0.8290189,2411.0,420.0,0.24223728,3086.0,498.0,0.75266206,3187.0,1556.0,0.31760696
IMG_20220618_1946399.jpg,1355.0,741.0,0.8079493,1487.0,635.0,0.7456856,1379.0,624.0,0.4288191,1838.0,704.0,0.9090716,1580.0,658.0,0.6545793,2110.0,1356.0,0.66118634,1422.0,1165.0,0.788563,2194.0,2224.0,0.90732527,1670.0,1905.0,0.41166195,1978.0,2884.0,0.72138894,1542.0,2503.0,0.106575415,1740.0,2465.0,0.7418597,1295.0,2235.0,0.83455694,1792.0,3351.0,0.45053798,444.0,2427.0,0.8673073,2129.0,2816.0,0.5308192,526.0,3132.0,0.79731643
IMG_20220618_194642.jpg,866.0,1391.0,0.79932046,776.0,1454.0,0.72332525,770.0,1478.0,0.76868665,832.0,1699.0,0.596298,853.0,1778.0,0.83749306,1229.0,1490.0,0.6476043,1367.0,1921.0,0.8361683,1785.0,1401.0,0.18453777,2168.0,2027.0,0.8431641,2180.0,1416.0,0.30956116,2743.0,1763.0,0.7714304,2172.0,1374.0,0.8504938,2337.0,1593.0,0.7514373,2206.0,683.0,0.87581736,2852.0,1627.0,0.50644135,2861.0,735.0,0.84137523,2963.0,1630.0,0.1552928
IMG_20220618_1946422.jpg,1405.0,866.0,0.83521223,1478.0,784.0,0.64572835,1446.0,773.0,0.75071144,1758.0,856.0,0.83778596,1667.0,814.0,0.5669491,1929.0,1385.0,0.9318895,1563.0,1144.0,0.68144834,2030.0,2122.0,0.84686506,1502.0,1649.0,0.3326126,1745.0,2743.0,0.703995,1378.0,2167.0,0.17730178,1600.0,2325.0,0.8353652,1362.0,2161.0,0.810708,1661.0,3022.0,0.4286465,692.0,2209.0,0.8410227,2383.0,2887.0,0.5665777,753.0,2892.0,0.65307474
IMG_20220618_194646.jpg,874.0,1672.0,0.7136122,768.0,1620.0,0.7341436,803.0,1836.0,0.7770834,797.0,1606.0,0.5508001,921.0,2049.0,0.775971,1152.0,1464.0,0.7122091,1487.0,2122.0,0.73333997,1796.0,1346.0,0.23436816,2302.0,2132.0,0.87919706,2247.0,1263.0,0.14896019,2925.0,1861.0,0.8671692,2367.0,1238.0,0.87721485,2668.0,1569.0,0.72071624,2395.0,334.0,0.86002004,3366.0,1421.0,0.23288886,3149.0,341.0,0.89182544,3250.0,1444.0,0.15806778
IMG_20220618_1946466.jpg,1647.0,897.0,0.7941955,1793.0,802.0,0.75007015,1614.0,765.0,0.7281146,2011.0,929.0,0.7057127,1599.0,802.0,0.42474604,2107.0,1527.0,0.86714613,1462.0,1282.0,0.7700524,2135.0,2309.0,0.785722,1405.0,1877.0,0.42743796,1887.0,2953.0,0.83884645,1264.0,2251.0,0.30835545,1620.0,2559.0,0.6960982,1227.0,2324.0,0.76644456,1537.0,3334.0,0.21144788,362.0,2415.0,0.82811296,1873.0,3033.0,0.20915142,366.0,3176.0,0.48531723
IMG_20220618_194653.jpg,935.0,1677.0,0.6542622,842.0,1593.0,0.7761535,847.0,1776.0,0.69144404,874.0,1459.0,0.5429852,912.0,1869.0,0.6852671,1274.0,1203.0,0.55208516,1329.0,2021.0,0.7954739,1943.0,1164.0,0.8200104,1965.0,2093.0,0.7892942,2117.0,1085.0,0.21372403,2454.0,2059.0,0.79032767,2231.0,1267.0,0.75520897,2374.0,1739.0,0.7177075,2756.0,868.0,0.8359462,3057.0,1659.0,0.682904,3479.0,783.0,0.46551523,3484.0,795.0,0.45153823
IMG_20220618_1946533.jpg,1646.0,930.0,0.7639534,1740.0,848.0,0.41956866,1572.0,846.0,0.5960981,1870.0,901.0,0.7700499,1486.0,891.0,0.68348384,2023.0,1396.0,0.8181782,1272.0,1353.0,0.8325387,2092.0,1951.0,0.88567156,1159.0,1853.0,0.7177665,2074.0,2449.0,0.6685253,1056.0,2226.0,0.5621138,1727.0,2324.0,0.6858902,1312.0,2196.0,0.7474849,1609.0,3089.0,0.4849603,881.0,2724.0,0.7696663,1758.0,2852.0,0.5126611,830.0,3479.0,0.82713175
IMG_20220618_194700.jpg,879.0,1494.0,0.7646848,798.0,1415.0,0.6394538,773.0,1568.0,0.68997097,819.0,1296.0,0.64913535,799.0,1639.0,0.68424094,1154.0,1110.0,0.75753045,1159.0,1823.0,0.90333056,1759.0,1022.0,0.7631704,1720.0,1896.0,0.840684,2265.0,1002.0,0.56375885,2169.0,1936.0,0.52579165,2007.0,1266.0,0.7123928,2076.0,1656.0,0.712696,2627.0,1135.0,0.5418372,2688.0,1414.0,0.3480835,3304.0,1098.0,0.2632648,3564.0,1147.0,0.34468368
IMG_20220618_1947000.jpg,1481.0,858.0,0.7893663,1535.0,753.0,0.800099,1378.0,799.0,0.6626549,1647.0,770.0,0.8968207,1307.0,883.0,0.7100277,1860.0,1230.0,0.9079476,1119.0,1212.0,0.9395876,1886.0,1759.0,0.87462884,1055.0,1778.0,0.9257827,1918.0,2204.0,0.64547956,1008.0,2305.0,0.785001,1642.0,2097.0,0.79348916,1272.0,2050.0,0.776931,1541.0,2770.0,0.5851002,1240.0,2553.0,0.685974,1141.0,3011.0,0.12587287,1157.0,3382.0,0.7480976
IMG_20220618_194705.jpg,823.0,1516.0,0.7517985,748.0,1427.0,0.56290054,732.0,1567.0,0.81129944,810.0,1304.0,0.688146,780.0,1623.0,0.56798714,1190.0,1120.0,0.6867746,1192.0,1781.0,0.71960074,1829.0,1067.0,0.8163442,1694.0,1800.0,0.760017,2311.0,1099.0,0.42097047,2108.0,1857.0,0.61916137,2029.0,1366.0,0.43248215,2040.0,1697.0,0.6197453,2584.0,1582.0,0.4751136,2599.0,1678.0,0.65853214,3330.0,1496.0,0.3391646,3311.0,1501.0,0.36936232
IMG_20220618_194713.jpg,685.0,1726.0,0.6651143,584.0,1617.0,0.6243976,587.0,1758.0,0.75068194,604.0,1381.0,0.70257694,616.0,1749.0,0.72380984,1084.0,1179.0,0.8004228,1064.0,1767.0,0.5453711,1804.0,1073.0,0.7495631,1594.0,1808.0,0.7529437,2282.0,1123.0,0.645934,2049.0,1831.0,0.662671,1956.0,1366.0,0.6231178,1947.0,1695.0,0.5033548,2619.0,1766.0,0.6178236,2586.0,1806.0,0.61124814,3497.0,1595.0,0.36398682,2085.0,1813.0,0.2521095
IMG_20220618_1947133.jpg,1721.0,689.0,0.6675669,1767.0,586.0,0.78731084,1608.0,602.0,0.8379428,1766.0,599.0,0.5396863,1401.0,663.0,0.63202727,1799.0,1073.0,0.8158274,1210.0,1128.0,0.7575915,1787.0,1605.0,0.7994313,1108.0,1806.0,0.8393374,1861.0,2039.0,0.6895974,1143.0,2322.0,0.6017869,1622.0,2014.0,0.5943059,1321.0,2035.0,0.609756,1488.0,2681.0,0.40889975,1768.0,2596.0,0.7516537,1153.0,2415.0,0.20130832,1588.0,3469.0,0.8169774
IMG_20220618_1947233.jpg,1644.0,704.0,0.8200537,1598.0,666.0,0.55661184,1519.0,679.0,0.6565187,1491.0,799.0,0.5469389,1344.0,869.0,0.8827442,1555.0,1266.0,0.7482829,1205.0,1269.0,0.8877741,1551.0,1837.0,0.48486552,1139.0,2026.0,0.8888249,1582.0,2349.0,0.3880365,1263.0,2626.0,0.86209047,1483.0,2220.0,0.7655808,1263.0,2287.0,0.7295457,1418.0,2947.0,0.31373328,2001.0,2789.0,0.76350474,720.0,2640.0,0.6596124,1861.0,3645.0,0.67431265
IMG_20220618_194727.jpg,1229.0,1796.0,0.6010569,1117.0,1789.0,0.81506586,1121.0,1795.0,0.7707678,1004.0,1574.0,0.72674096,1007.0,1594.0,0.7477132,1354.0,1177.0,0.65822625,1307.0,1224.0,0.7141005,2116.0,1027.0,0.537387,2086.0,1043.0,0.3694321,2762.0,1068.0,0.35977042,2494.0,1418.0,0.10893584,2472.0,1195.0,0.87000763,2405.0,1225.0,0.6685252,2888.0,1990.0,0.89309597,2854.0,1846.0,0.38313365,3795.0,1907.0,0.7799386,3049.0,1106.0,0.50642335
IMG_20220618_1947277.jpg,1793.0,1198.0,0.70209324,1791.0,1106.0,0.73398834,1785.0,1092.0,0.6869662,1612.0,1007.0,0.7558783,1589.0,982.0,0.8868692,1472.0,1324.0,0.59083843,1146.0,1326.0,0.8023013,1496.0,1952.0,0.64817905,1019.0,2092.0,0.877215,1594.0,2294.0,0.5049384,1017.0,2787.0,0.46148217,1411.0,2314.0,0.761778,1238.0,2384.0,0.83756876,1617.0,2931.0,0.22264141,1978.0,2867.0,0.71118736,1048.0,2810.0,0.19714803,1834.0,3718.0,0.8401049
IMG_20220618_194731.jpg,1212.0,2035.0,0.6981771,1123.0,2030.0,0.6654377,1116.0,2030.0,0.77893573,1052.0,1757.0,0.8329264,1009.0,1778.0,0.7666559,1517.0,1454.0,0.8167864,1194.0,1383.0,0.6813836,2311.0,1384.0,0.47855586,2100.0,1293.0,0.3775415,2871.0,1541.0,0.688987,2728.0,1492.0,0.22288577,2495.0,1428.0,0.671507,2326.0,1349.0,0.6445975,2429.0,2508.0,0.69160604,2348.0,2421.0,0.24313535,3283.0,2405.0,0.7207223,2850.0,1503.0,0.23496759
IMG_20220618_1947311.jpg,2016.0,1199.0,0.7383353,2013.0,1105.0,0.72347283,2003.0,1113.0,0.6826477,1784.0,1014.0,0.6359606,1775.0,1035.0,0.8635686,1408.0,1269.0,0.5945013,1547.0,1559.0,0.70476794,1464.0,2112.0,0.35615355,1422.0,2275.0,0.8265342,1639.0,2631.0,0.20144737,1607.0,2766.0,0.77227175,1487.0,2388.0,0.7142413,1578.0,2477.0,0.7177931,1406.0,2825.0,0.1468065,2501.0,2463.0,0.8851971,620.0,2956.0,0.35094124,2416.0,3271.0,0.8113853
IMG_20220618_194736.jpg,690.0,1319.0,0.27908033,659.0,1373.0,0.49056432,585.0,1243.0,0.4663787,817.0,1419.0,0.44015637,645.0,1033.0,0.38996592,1349.0,1518.0,0.627638,1248.0,831.0,0.6918745,2205.0,1686.0,0.20236483,1946.0,1083.0,0.36059034,2375.0,1802.0,0.39176428,2062.0,1250.0,0.116921514,2349.0,1422.0,0.5476575,2239.0,1279.0,0.48337838,2964.0,1306.0,0.7105768,1565.0,1448.0,0.1793151,3335.0,605.0,0.6376069,2546.0,1651.0,0.15634516
IMG_20220618_194743.jpg,511.0,918.0,0.77876866,411.0,976.0,0.75830734,402.0,1004.0,0.75802046,477.0,1296.0,0.68997264,485.0,1363.0,0.62599313,997.0,1362.0,0.55918837,1157.0,1284.0,0.28558862,1903.0,1133.0,0.28780514,2096.0,1125.0,0.6186317,2259.0,807.0,0.21483672,2631.0,847.0,0.6773926,2261.0,1246.0,0.32617983,2351.0,1309.0,0.54576194,2132.0,1099.0,0.42231864,2669.0,1223.0,0.3464345,2929.0,1314.0,0.14009687,3093.0,2192.0,0.6259226
IMG_20220618_1947433.jpg,919.0,496.0,0.55015033,1016.0,398.0,0.7489395,951.0,387.0,0.297158,1380.0,479.0,0.5025817,1285.0,436.0,0.1159428,1245.0,1230.0,0.5540723,1651.0,899.0,0.51027,1193.0,2155.0,0.7311149,1600.0,1591.0,0.23011215,854.0,2655.0,0.44115165,887.0,2199.0,0.31693408,1369.0,2236.0,0.55874276,1558.0,2016.0,0.45884404,1323.0,2858.0,0.49654886,757.0,1658.0,0.48213622,2271.0,3127.0,0.6092086,858.0,2286.0,0.20962977
IMG_20220618_194746.jpg,497.0,293.0,0.6781419,412.0,358.0,0.59845346,402.0,372.0,0.6800324,519.0,679.0,0.72213733,515.0,701.0,0.7490489,1142.0,645.0,0.52982366,1085.0,684.0,0.36103687,2139.0,543.0,0.687279,2114.0,582.0,0.3705586,2690.0,431.0,0.6272229,2695.0,434.0,0.38280097,2377.0,1038.0,0.60683805,2313.0,1142.0,0.5009358,2972.0,1069.0,0.45983768,3014.0,1043.0,0.37866142,3112.0,1161.0,0.16003548,3388.0,1968.0,0.68485355
IMG_20220618_1947466.jpg,266.0,443.0,0.6982749,377.0,349.0,0.7613353,347.0,338.0,0.8395705,728.0,510.0,0.75567204,711.0,477.0,0.5137731,528.0,1226.0,0.8444511,1185.0,952.0,0.6615673,596.0,2177.0,0.9149348,1309.0,1597.0,0.6820074,411.0,2707.0,0.83089876,1199.0,2086.0,0.36972836,986.0,2448.0,0.49576914,1215.0,2260.0,0.59048086,1105.0,3020.0,0.67337435,948.0,2867.0,0.16019958,2032.0,3398.0,0.7583498,1219.0,3425.0,0.27441204
IMG_20220618_1947488.jpg,741.0,811.0,0.39498836,728.0,745.0,0.39413786,783.0,716.0,0.32713607,857.0,769.0,0.556727,1201.0,695.0,0.3003122,871.0,1472.0,0.5568567,1552.0,1235.0,0.78446054,835.0,2338.0,0.6931478,1625.0,1919.0,0.49820513,665.0,2800.0,0.6675133,1517.0,2317.0,0.42301336,1153.0,2527.0,0.68297887,1502.0,2403.0,0.50664866,1327.0,3168.0,0.46016556,1176.0,3068.0,0.38485578,2134.0,3552.0,0.459536,1350.0,3685.0,0.3089345
IMG_20220618_194756.jpg,760.0,1125.0,0.23637757,663.0,1101.0,0.4090336,654.0,1143.0,0.53139335,776.0,982.0,0.46700564,717.0,1199.0,0.4111075,1447.0,535.0,0.80703497,1279.0,1492.0,0.6700217,2299.0,526.0,0.6168286,1957.0,1477.0,0.4367372,2753.0,468.0,0.59405375,1942.0,1567.0,0.3581198,2384.0,1062.0,0.3688005,2258.0,1403.0,0.40294278,3166.0,923.0,0.34680346,3144.0,1291.0,0.30400968,3781.0,1805.0,0.41758192,3701.0,1704.0,0.27628902
IMG_20220618_194802.jpg,1052.0,1263.0,0.6203222,942.0,1265.0,0.73774076,970.0,1271.0,0.8304938,854.0,1503.0,0.5661856,916.0,1511.0,0.7063831,1039.0,1653.0,0.5498029,1456.0,1918.0,0.6015218,1660.0,1472.0,0.16511789,2292.0,1797.0,0.82037246,2066.0,1341.0,0.29458967,2813.0,1526.0,0.673391,2098.0,1326.0,0.6673756,2431.0,1557.0,0.6127338,1987.0,667.0,0.70395327,3150.0,1422.0,0.70329714,2637.0,823.0,0.61929,2920.0,1486.0,0.26914525
IMG_20220618_194804.jpg,1043.0,1422.0,0.7605471,956.0,1358.0,0.7570697,913.0,1506.0,0.7489859,977.0,1421.0,0.50200564,933.0,1767.0,0.8577382,1374.0,1435.0,0.5857756,1552.0,1892.0,0.7836111,1841.0,1281.0,0.3437644,2354.0,1898.0,0.8588697,2273.0,1292.0,0.20446827,2948.0,1652.0,0.690701,2237.0,1254.0,0.8430248,2492.0,1505.0,0.7527393,2256.0,647.0,0.5358319,3170.0,1537.0,0.66793805,2868.0,782.0,0.81766635,3072.0,1581.0,0.27908114
IMG_20220618_1948044.jpg,1397.0,1058.0,0.8495142,1508.0,937.0,0.5256936,1344.0,933.0,0.7180636,1775.0,946.0,0.87406546,1388.0,936.0,0.6778402,1876.0,1530.0,0.8792215,1486.0,1312.0,0.76208293,1911.0,2336.0,0.87312526,1467.0,1914.0,0.53838754,1634.0,2945.0,0.7114931,1262.0,2311.0,0.42855063,1558.0,2440.0,0.8036006,1292.0,2263.0,0.73723614,1591.0,3185.0,0.53778774,650.0,2251.0,0.85659003,2440.0,2970.0,0.6111557,818.0,2886.0,0.9118106
IMG_20220618_194805.jpg,1047.0,1699.0,0.68850434,951.0,1622.0,0.62318283,943.0,1805.0,0.76854247,976.0,1556.0,0.5805072,1013.0,1977.0,0.6318376,1314.0,1514.0,0.5715313,1543.0,2049.0,0.8521022,1749.0,1371.0,0.16616583,2301.0,2021.0,0.63830084,2208.0,1358.0,0.15727144,2909.0,1783.0,0.6823597,2250.0,1375.0,0.8789076,2502.0,1613.0,0.7718976,2273.0,723.0,0.66559345,3065.0,1677.0,0.7165417,2883.0,815.0,0.8783026,3038.0,1669.0,0.1674527
IMG_20220618_1948055.jpg,1673.0,1044.0,0.7943619,1771.0,952.0,0.7874774,1599.0,941.0,0.5984035,1965.0,995.0,0.72309685,1560.0,968.0,0.49807283,2051.0,1550.0,0.8515058,1622.0,1315.0,0.6491214,2045.0,2299.0,0.6325303,1636.0,1952.0,0.3797744,1782.0,2914.0,0.895559,1379.0,2319.0,0.30629042,1688.0,2492.0,0.699515,1409.0,2315.0,0.7582001,1665.0,3154.0,0.4582672,736.0,2284.0,0.7861409,2350.0,2957.0,0.36034122,858.0,2884.0,0.66691124
IMG_20220618_194814.jpg,925.0,1812.0,0.46226728,820.0,1731.0,0.599645,824.0,1934.0,0.6029695,801.0,1550.0,0.5536619,864.0,2028.0,0.77986,1190.0,1305.0,0.7385328,1314.0,2235.0,0.6833673,1910.0,1222.0,0.5834067,2057.0,2203.0,0.84644175,2259.0,1081.0,0.15481782,2634.0,2088.0,0.86651725,2161.0,1344.0,0.61923254,2305.0,1740.0,0.7569604,2756.0,727.0,0.8513601,3166.0,1595.0,0.6689707,3383.0,699.0,0.55012107,3440.0,674.0,0.40311688
IMG_20220618_1948144.jpg,1720.0,974.0,0.7878487,1830.0,862.0,0.7448727,1655.0,853.0,0.80674905,2022.0,883.0,0.76204747,1595.0,841.0,0.6290869,2194.0,1459.0,0.71306896,1396.0,1265.0,0.7850313,2185.0,2075.0,0.82153124,1236.0,1815.0,0.8152046,2060.0,2686.0,0.54728013,1080.0,2290.0,0.31503773,1779.0,2429.0,0.73487186,1359.0,2235.0,0.77349067,1631.0,3175.0,0.55162096,756.0,2749.0,0.60337317,1761.0,2948.0,0.23440716,745.0,3406.0,0.74158716
IMG_20220618_194817.jpg,760.0,1416.0,0.71073306,687.0,1366.0,0.46687075,665.0,1520.0,0.73985565,734.0,1391.0,0.44386423,738.0,1749.0,0.6890508,1119.0,1172.0,0.4929634,1131.0,1956.0,0.64010954,1748.0,1089.0,0.67562896,1889.0,2086.0,0.7195701,1918.0,1063.0,0.23738517,2399.0,2065.0,0.538833,2120.0,1290.0,0.77558625,2268.0,1697.0,0.6971951,2705.0,928.0,0.61224246,2766.0,967.0,0.4806358,3362.0,850.0,0.23228762,3549.0,829.0,0.611706
IMG_20220618_1948177.jpg,1405.0,742.0,0.74404085,1497.0,658.0,0.5366031,1374.0,666.0,0.81665915,1736.0,747.0,0.76067674,1437.0,712.0,0.5524324,2029.0,1242.0,0.8775151,1200.0,1235.0,0.7061166,2062.0,1846.0,0.713308,1095.0,1750.0,0.7175394,2043.0,2410.0,0.69819367,1061.0,2358.0,0.47630438,1715.0,2258.0,0.85387236,1301.0,2154.0,0.7070755,1668.0,2965.0,0.5670123,964.0,2673.0,0.8225378,1669.0,2721.0,0.5460204,899.0,3367.0,0.63879806
IMG_20220618_194823.jpg,823.0,1910.0,0.7209246,734.0,1841.0,0.84207577,732.0,2028.0,0.78616047,714.0,1755.0,0.55744207,764.0,2155.0,0.747164,1086.0,1574.0,0.7459272,1258.0,2301.0,0.8964706,1733.0,1462.0,0.19008443,1950.0,2317.0,0.87195873,2001.0,1515.0,0.17077021,2531.0,2134.0,0.844417,2070.0,1496.0,0.658836,2321.0,1897.0,0.7640042,2256.0,841.0,0.82585716,3095.0,1709.0,0.5951545,3091.0,796.0,0.8288053,3131.0,802.0,0.27570575
IMG_20220618_1948233.jpg,1902.0,810.0,0.7425127,1994.0,725.0,0.6580964,1841.0,710.0,0.89523524,2144.0,755.0,0.8310755,1753.0,722.0,0.7438812,2272.0,1284.0,0.89253896,1593.0,1117.0,0.8989482,2303.0,1953.0,0.86566263,1497.0,1693.0,0.55068165,2103.0,2532.0,0.6234606,1413.0,2100.0,0.34668636,1884.0,2249.0,0.7205173,1521.0,2095.0,0.69973475,1710.0,3105.0,0.68200165,835.0,2285.0,0.8603106,2047.0,2948.0,0.22872117,819.0,3104.0,0.6803333
IMG_20220618_194825.jpg,1070.0,1573.0,0.5302484,980.0,1518.0,0.6548489,924.0,1637.0,0.7339486,861.0,1623.0,0.23462252,793.0,1849.0,0.84619534,1147.0,1496.0,0.6197566,1205.0,2194.0,0.8816579,1624.0,1495.0,0.2913777,1948.0,2225.0,0.71807456,1921.0,1423.0,0.21912593,2468.0,2064.0,0.7844521,2049.0,1418.0,0.75957,2250.0,1655.0,0.7662756,2250.0,680.0,0.89746743,2283.0,711.0,0.40940404,3068.0,664.0,0.73308337,3115.0,665.0,0.48129773
IMG_20220618_1948255.jpg,1555.0,1029.0,0.7210667,1626.0,913.0,0.7628356,1503.0,935.0,0.7702855,1846.0,797.0,0.8501611,1548.0,865.0,0.6089127,2193.0,1278.0,0.88407254,1480.0,1147.0,0.9290884,2221.0,1939.0,0.8677133,1420.0,1661.0,0.38970873,2058.0,2524.0,0.675626,1277.0,2044.0,0.44535068,1769.0,2235.0,0.8172742,1376.0,2074.0,0.74090517,1586.0,3061.0,0.7381209,700.0,2285.0,0.813368,1827.0,2915.0,0.25212488,714.0,3085.0,0.69148445
IMG_20220618_194827.jpg,1004.0,1416.0,0.5363814,934.0,1362.0,0.6783538,862.0,1447.0,0.5033717,861.0,1476.0,0.4625428,728.0,1688.0,0.7407665,1133.0,1452.0,0.72530365,1115.0,2054.0,0.8513168,1498.0,1460.0,0.26688924,1803.0,2220.0,0.7785095,1798.0,1376.0,0.17823702,2440.0,2069.0,0.7543548,2081.0,1413.0,0.82568574,2248.0,1753.0,0.6962254,2214.0,656.0,0.7997503,2963.0,1770.0,0.5094358,2988.0,793.0,0.66008365,3007.0,795.0,0.30161136
IMG_20220618_1948277.jpg,1423.0,977.0,0.6248876,1453.0,861.0,0.5026498,1345.0,907.0,0.6519293,1662.0,709.0,0.49249583,1379.0,832.0,0.12229829,2051.0,1162.0,0.7006726,1479.0,1159.0,0.7854116,2190.0,1818.0,0.7173507,1554.0,1685.0,0.29269037,2078.0,2414.0,0.71699226,1404.0,2152.0,0.13127284,1803.0,2149.0,0.6515473,1425.0,2039.0,0.6545299,1778.0,2992.0,0.42014802,713.0,2234.0,0.5922252,2114.0,2553.0,0.24076326,822.0,3016.0,0.59900665
PeopleImages.jpg,498.0,135.0,0.7660684,506.0,128.0,0.7611699,500.0,129.0,0.69782776,532.0,131.0,0.8235826,516.0,132.0,0.5077096,552.0,169.0,0.6916746,520.0,176.0,0.7902346,586.0,240.0,0.83811194,516.0,239.0,0.553262,544.0,292.0,0.89447975,484.0,265.0,0.5452657,558.0,299.0,0.82921076,520.0,293.0,0.7806593,576.0,407.0,0.90325767,437.0,292.0,0.8096406,673.0,378.0,0.8837884,451.0,391.0,0.71954095
Zancadass.jpg,363.0,140.0,0.8981831,374.0,131.0,0.8680127,372.0,129.0,0.7756971,414.0,140.0,0.8660204,408.0,137.0,0.8278941,437.0,211.0,0.90445405,420.0,203.0,0.9157706,456.0,327.0,0.716113,445.0,325.0,0.7064793,453.0,428.0,0.76259685,446.0,414.0,0.3817525,466.0,381.0,0.832586,457.0,381.0,0.72614384,309.0,391.0,0.86759686,514.0,524.0,0.880624,326.0,545.0,0.7113325,676.0,502.0,0.839662
a116a.jpg,253.0,107.0,0.672788,247.0,100.0,0.73865914,242.0,102.0,0.8704866,230.0,110.0,0.8389068,223.0,113.0,0.64162433,225.0,154.0,0.8605369,226.0,157.0,0.87801987,223.0,225.0,0.7215333,223.0,230.0,0.8512101,245.0,285.0,0.61622036,245.0,288.0,0.81029135,218.0,274.0,0.871261,213.0,278.0,0.9029326,316.0,286.0,0.8692738,183.0,379.0,0.7051455,279.0,379.0,0.8032573,78.0,372.0,0.9246651
a116aa.jpg,170.0,111.0,0.6067194,178.0,104.0,0.5852903,176.0,103.0,0.6884352,199.0,111.0,0.77145797,194.0,111.0,0.7673304,197.0,154.0,0.7549165,197.0,151.0,0.7741809,198.0,231.0,0.6898667,202.0,230.0,0.7811576,176.0,289.0,0.8506721,180.0,286.0,0.48225567,207.0,273.0,0.89968365,199.0,273.0,0.86543816,242.0,375.0,0.88925904,110.0,286.0,0.7483091,345.0,369.0,0.75624144,146.0,378.0,0.7401974
afundreinarr.jpg,440.0,105.0,0.77834904,454.0,93.0,0.57218695,453.0,91.0,0.59800947,495.0,105.0,0.88575083,493.0,105.0,0.585009,490.0,190.0,0.90941095,507.0,183.0,0.92406714,493.0,324.0,0.7333729,506.0,317.0,0.78521156,474.0,437.0,0.8100161,481.0,420.0,0.47899097,487.0,395.0,0.7745991,523.0,390.0,0.7333407,312.0,430.0,0.6738906,651.0,511.0,0.69623,311.0,610.0,0.7628052,802.0,603.0,0.6158042
correctamente.jpg,364.0,126.0,0.7241369,374.0,114.0,0.52083826,374.0,114.0,0.5574867,408.0,123.0,0.7219415,405.0,123.0,0.8131957,417.0,196.0,0.77215505,412.0,189.0,0.84511125,426.0,320.0,0.641232,416.0,304.0,0.6251079,394.0,411.0,0.83774287,397.0,395.0,0.40934348,430.0,365.0,0.9086878,436.0,361.0,0.8126282,270.0,354.0,0.8220467,499.0,468.0,0.8750249,336.0,484.0,0.89384604,639.0,437.0,0.8429829
correctamentee.jpg,486.0,124.0,0.85881877,474.0,113.0,0.86085546,474.0,113.0,0.90610373,444.0,122.0,0.74247694,442.0,122.0,0.93218964,435.0,187.0,0.81686544,427.0,192.0,0.89607954,432.0,307.0,0.608403,421.0,316.0,0.88533294,452.0,403.0,0.7220621,456.0,404.0,0.6628442,411.0,365.0,0.83105135,417.0,370.0,0.7881721,354.0,469.0,0.8529767,571.0,355.0,0.8803373,211.0,434.0,0.74169135,512.0,486.0,0.8634444
eslizante.jpg,768.0,172.0,0.7683963,755.0,159.0,0.7714675,753.0,160.0,0.7561568,718.0,172.0,0.69800186,713.0,176.0,0.788288,702.0,259.0,0.853118,691.0,257.0,0.8849336,678.0,404.0,0.6567489,666.0,416.0,0.8291647,709.0,539.0,0.35178247,704.0,544.0,0.5623218,681.0,514.0,0.8516809,654.0,517.0,0.84026533,878.0,477.0,0.755394,596.0,702.0,0.8814462,822.0,679.0,0.84933484,383.0,649.0,0.91026264
eslizantee.jpg,427.0,174.0,0.82103574,443.0,163.0,0.80928123,440.0,160.0,0.75929177,490.0,179.0,0.87375194,483.0,177.0,0.6951387,514.0,268.0,0.7129011,487.0,264.0,0.8115068,531.0,424.0,0.8188807,514.0,409.0,0.6326056,491.0,551.0,0.8384063,482.0,532.0,0.39638397,546.0,515.0,0.8774406,500.0,503.0,0.82922745,597.0,703.0,0.8509296,320.0,478.0,0.7935316,820.0,648.0,0.8439419,378.0,677.0,0.9216929
foto.jpg,204.0,72.0,0.778885,214.0,60.0,0.693612,192.0,60.0,0.8500675,227.0,66.0,0.82545394,175.0,64.0,0.7274039,253.0,128.0,0.8738571,143.0,127.0,0.84483933,268.0,222.0,0.86328554,126.0,218.0,0.73401207,281.0,305.0,0.8941013,106.0,304.0,0.67105716,227.0,275.0,0.8601998,165.0,275.0,0.84508866,226.0,338.0,0.13164271,175.0,301.0,0.62467957,224.0,431.0,0.16597511,179.0,451.0,0.8263368
foto1.jpg,334.0,80.0,0.8199822,327.0,67.0,0.6511475,329.0,68.0,0.69845426,298.0,71.0,0.83611023,300.0,73.0,0.8656668,288.0,126.0,0.7592459,264.0,123.0,0.8730313,276.0,223.0,0.42003986,265.0,227.0,0.8621035,308.0,298.0,0.23150377,276.0,324.0,0.4159627,285.0,291.0,0.7778397,286.0,292.0,0.7873609,279.0,425.0,0.7089896,431.0,287.0,0.8041841,143.0,431.0,0.26971546,419.0,426.0,0.8909172
foto11.jpg,235.0,81.0,0.7522547,241.0,68.0,0.65525717,241.0,68.0,0.66142535,269.0,72.0,0.82566124,268.0,71.0,0.7168843,305.0,134.0,0.8803387,289.0,133.0,0.8547945,305.0,241.0,0.6742686,295.0,231.0,0.5518179,293.0,330.0,0.6759794,283.0,316.0,0.37407413,295.0,298.0,0.89008164,293.0,295.0,0.7360498,144.0,290.0,0.74615437,295.0,426.0,0.5586922,153.0,424.0,0.839737,417.0,424.0,0.6469294
foto2.jpg,189.0,76.0,0.6011579,197.0,66.0,0.7865213,196.0,65.0,0.7107631,233.0,72.0,0.8131517,231.0,69.0,0.80758446,260.0,133.0,0.7727721,239.0,127.0,0.845726,257.0,257.0,0.88336253,239.0,245.0,0.7263571,244.0,352.0,0.8874644,231.0,337.0,0.5821489,257.0,299.0,0.9505179,230.0,289.0,0.9179191,254.0,464.0,0.9242405,97.0,279.0,0.8059958,396.0,453.0,0.8088219,110.0,419.0,0.87075275
foto22.jpg,295.0,75.0,0.8396797,287.0,63.0,0.791842,286.0,64.0,0.8203634,252.0,69.0,0.6740544,249.0,69.0,0.7960418,240.0,130.0,0.7835174,225.0,135.0,0.9163281,238.0,246.0,0.7206665,224.0,255.0,0.9136592,257.0,336.0,0.58110154,240.0,351.0,0.88555413,254.0,289.0,0.9180205,230.0,296.0,0.9059164,387.0,276.0,0.8704423,229.0,461.0,0.9028539,376.0,417.0,0.9317991,84.0,452.0,0.9012834
foto3.jpg,219.0,84.0,0.8309801,232.0,72.0,0.83628094,223.0,71.0,0.68468744,271.0,78.0,0.7806318,253.0,74.0,0.7273319,301.0,146.0,0.89375895,242.0,137.0,0.9172391,312.0,255.0,0.8060575,249.0,238.0,0.72846603,302.0,348.0,0.7472724,234.0,325.0,0.76639825,281.0,308.0,0.84121186,241.0,297.0,0.9275826,293.0,468.0,0.75828516,115.0,299.0,0.8613895,419.0,438.0,0.8465382,129.0,448.0,0.7924079
foto33.jpg,270.0,83.0,0.81118023,266.0,70.0,0.7228475,257.0,71.0,0.80317557,238.0,73.0,0.7018819,219.0,75.0,0.7211748,248.0,132.0,0.8324113,190.0,145.0,0.9074036,233.0,233.0,0.6172137,176.0,254.0,0.9600159,254.0,323.0,0.66340095,186.0,347.0,0.7564517,246.0,290.0,0.88049185,208.0,300.0,0.9140879,374.0,298.0,0.8518765,199.0,467.0,0.8799107,359.0,450.0,0.7547284,69.0,433.0,0.8516003
foto4.jpg,242.0,70.0,0.7198143,237.0,58.0,0.8454106,233.0,58.0,0.7180195,211.0,60.0,0.6903042,202.0,60.0,0.6045935,233.0,127.0,0.84962523,158.0,122.0,0.9480017,234.0,219.0,0.53679687,138.0,221.0,0.81943524,239.0,271.0,0.3785792,134.0,315.0,0.7781161,212.0,280.0,0.86893004,176.0,280.0,0.8465019,207.0,422.0,0.8622711,301.0,288.0,0.8481861,101.0,402.0,0.42108253,297.0,434.0,0.898494
foto44.jpg,160.0,70.0,0.5830877,169.0,59.0,0.6640767,163.0,58.0,0.7963834,198.0,60.0,0.61914253,187.0,59.0,0.6814931,244.0,124.0,0.91780895,169.0,123.0,0.7687307,265.0,225.0,0.8368482,168.0,198.0,0.7123445,269.0,316.0,0.6542518,164.0,253.0,0.22536387,227.0,278.0,0.8363793,188.0,276.0,0.8032187,100.0,290.0,0.8367628,198.0,423.0,0.88324356,105.0,439.0,0.7133256,299.0,396.0,0.2887536
foto5.jpg,279.0,78.0,0.7099328,274.0,66.0,0.7780112,274.0,66.0,0.8013764,247.0,70.0,0.56540084,251.0,72.0,0.7028433,194.0,133.0,0.7360846,264.0,152.0,0.7558175,202.0,237.0,0.41589004,255.0,248.0,0.45667017,228.0,319.0,0.17151797,269.0,331.0,0.53211725,219.0,294.0,0.74223405,236.0,296.0,0.64795053,370.0,271.0,0.25504512,372.0,271.0,0.67430645,363.0,408.0,0.37561435,363.0,406.0,0.60190606
foto55.jpg,162.0,79.0,0.7596536,170.0,67.0,0.81842816,169.0,66.0,0.7808645,200.0,69.0,0.6957679,200.0,69.0,0.72894466,246.0,134.0,0.8755026,178.0,149.0,0.9105076,243.0,239.0,0.38708147,185.0,240.0,0.7533116,182.0,331.0,0.6083535,175.0,327.0,0.51439613,230.0,293.0,0.89641786,186.0,284.0,0.8631469,228.0,434.0,0.8949334,74.0,269.0,0.8871354,348.0,445.0,0.5374772,85.0,402.0,0.85005856
foto6.jpg,153.0,76.0,0.49756944,155.0,65.0,0.61541224,158.0,62.0,0.5911237,170.0,63.0,0.77532876,181.0,58.0,0.50421655,167.0,134.0,0.7552204,246.0,124.0,0.87304443,162.0,244.0,0.5613708,257.0,219.0,0.7111538,140.0,330.0,0.7707417,260.0,297.0,0.8469331,189.0,294.0,0.8138837,222.0,284.0,0.8093553,186.0,454.0,0.8447669,97.0,245.0,0.62715805,304.0,481.0,0.8610563,117.0,387.0,0.45300177
foto66.jpg,224.0,75.0,0.60959494,219.0,61.0,0.65298975,223.0,61.0,0.5119172,198.0,58.0,0.5806955,207.0,61.0,0.6906159,134.0,124.0,0.70729756,214.0,140.0,0.7916783,126.0,217.0,0.77594024,221.0,243.0,0.78496635,120.0,296.0,0.6542779,244.0,329.0,0.6840641,155.0,283.0,0.8364362,184.0,289.0,0.8631233,280.0,248.0,0.8109274,192.0,449.0,0.78099525,268.0,387.0,0.9086335,82.0,480.0,0.73887277
foto7.jpg,172.0,111.0,0.7086023,186.0,101.0,0.8140385,178.0,97.0,0.86205167,226.0,108.0,0.7588623,212.0,100.0,0.6000147,255.0,182.0,0.8209494,198.0,144.0,0.76553357,267.0,292.0,0.92920136,202.0,241.0,0.67921215,255.0,383.0,0.90021807,201.0,328.0,0.4437977,234.0,313.0,0.82584536,190.0,299.0,0.90002733,251.0,460.0,0.8980297,65.0,310.0,0.9321581,386.0,419.0,0.7641371,85.0,434.0,0.9241406
foto77.jpg,281.0,113.0,0.7524628,277.0,97.0,0.84753567,266.0,102.0,0.7637042,250.0,99.0,0.48720944,224.0,107.0,0.64958483,256.0,146.0,0.57585156,196.0,179.0,0.9016374,250.0,245.0,0.33305788,188.0,289.0,0.9225432,261.0,310.0,0.2966712,197.0,378.0,0.846486,258.0,290.0,0.87423843,219.0,305.0,0.9004481,385.0,309.0,0.811748,206.0,460.0,0.8077806,366.0,435.0,0.8109223,67.0,421.0,0.87693244
foto8.jpg,244.0,101.0,0.61341745,238.0,89.0,0.7934242,238.0,90.0,0.8518995,207.0,88.0,0.64926827,209.0,91.0,0.79071,213.0,140.0,0.6985038,168.0,145.0,0.8567054,197.0,225.0,0.23347709,145.0,258.0,0.5105535,219.0,263.0,0.49174723,148.0,326.0,0.20288481,197.0,305.0,0.68962395,180.0,313.0,0.7737901,188.0,407.0,0.39566752,324.0,327.0,0.76262665,75.0,396.0,0.18282852,314.0,447.0,0.850546
foto88.jpg,174.0,101.0,0.7819248,181.0,89.0,0.8317079,180.0,89.0,0.79141736,210.0,93.0,0.694224,209.0,93.0,0.76683486,255.0,154.0,0.7814086,201.0,147.0,0.72754455,274.0,261.0,0.66075385,195.0,229.0,0.5769284,265.0,330.0,0.25345945,194.0,284.0,0.4479473,246.0,305.0,0.88724095,214.0,297.0,0.82202506,241.0,414.0,0.32859647,93.0,326.0,0.656276,107.0,447.0,0.7185143,108.0,446.0,0.26221338
fotoo.jpg,206.0,72.0,0.71477,218.0,60.0,0.88306177,195.0,60.0,0.83124584,234.0,66.0,0.8121651,182.0,67.0,0.7802252,268.0,129.0,0.8529939,158.0,129.0,0.869289,288.0,220.0,0.7742996,143.0,225.0,0.83435607,304.0,304.0,0.70432323,132.0,304.0,0.8192341,244.0,278.0,0.8331577,181.0,283.0,0.87487596,235.0,303.0,0.75931984,182.0,438.0,0.85028386,230.0,453.0,0.62701046,186.0,440.0,0.18416767
gluteo.jpg,249.0,52.0,0.7629192,257.0,44.0,0.77196246,247.0,44.0,0.7292627,289.0,46.0,0.42898726,260.0,46.0,0.17004304,308.0,100.0,0.8289979,255.0,101.0,0.70135665,363.0,162.0,0.8165331,272.0,163.0,0.32236,313.0,209.0,0.8162291,283.0,205.0,0.35665125,309.0,247.0,0.74599063,261.0,246.0,0.7044513,325.0,380.0,0.78129065,177.0,288.0,0.6811029,425.0,371.0,0.5260556,191.0,409.0,0.7308296
gluteoo.jpg,503.0,51.0,0.63196385,500.0,42.0,0.7787492,492.0,42.0,0.6663787,477.0,45.0,0.6956024,461.0,47.0,0.8658939,493.0,99.0,0.8593011,440.0,94.0,0.9102078,469.0,159.0,0.40995723,382.0,163.0,0.94859755,485.0,209.0,0.39422,438.0,210.0,0.821362,483.0,241.0,0.92008924,438.0,243.0,0.8975337,573.0,284.0,0.7633484,426.0,380.0,0.807794,559.0,407.0,0.8666423,329.0,370.0,0.87782013
i.jpg,221.0,75.0,0.7363042,219.0,71.0,0.77646446,220.0,71.0,0.7348201,210.0,71.0,0.65809083,211.0,72.0,0.87780905,196.0,83.0,0.80138046,209.0,83.0,0.66704315,193.0,107.0,0.25144213,209.0,110.0,0.88756025,197.0,123.0,0.20505953,215.0,129.0,0.7262606,172.0,128.0,0.81765985,181.0,130.0,0.8088551,162.0,166.0,0.88271147,220.0,136.0,0.8303829,120.0,167.0,0.9174426,208.0,176.0,0.838081
ii.jpg,152.0,74.0,0.8133311,154.0,70.0,0.85321015,154.0,70.0,0.80585223,164.0,72.0,0.82825327,163.0,71.0,0.829374,167.0,83.0,0.6292714,173.0,82.0,0.807022,165.0,111.0,0.6732031,171.0,110.0,0.4170062,160.0,128.0,0.6248538,162.0,127.0,0.34284016,194.0,130.0,0.80007124,200.0,128.0,0.8334341,154.0,138.0,0.85421836,214.0,166.0,0.91323495,167.0,176.0,0.81469315,255.0,167.0,0.8750297
im.jpg,156.0,29.0,0.8285492,159.0,23.0,0.7180942,157.0,24.0,0.7279662,172.0,24.0,0.8045178,169.0,24.0,0.7989496,177.0,44.0,0.9197736,174.0,44.0,0.71195567,191.0,72.0,0.8491881,189.0,70.0,0.6188143,178.0,98.0,0.65186566,176.0,98.0,0.59816796,183.0,108.0,0.85644877,178.0,108.0,0.84102184,196.0,162.0,0.8387311,126.0,111.0,0.84937954,250.0,154.0,0.8492559,123.0,162.0,0.6934687
ima.jpg,149.0,53.0,0.767318,148.0,50.0,0.8932449,148.0,50.0,0.86632514,143.0,51.0,0.672158,142.0,52.0,0.8382327,140.0,63.0,0.8701904,138.0,63.0,0.91030514,137.0,83.0,0.5763662,135.0,84.0,0.8349255,139.0,98.0,0.3972121,137.0,100.0,0.605484,137.0,95.0,0.8375416,134.0,95.0,0.811967,159.0,96.0,0.8752105,135.0,121.0,0.8737587,153.0,120.0,0.85759926,109.0,117.0,0.8717539
imaa.jpg,159.0,52.0,0.7823654,161.0,50.0,0.6815188,160.0,50.0,0.8388171,167.0,52.0,0.84541416,166.0,52.0,0.8032118,169.0,63.0,0.89749306,169.0,63.0,0.81987035,172.0,83.0,0.6943565,172.0,83.0,0.6726698,170.0,100.0,0.6932851,170.0,99.0,0.42616755,175.0,95.0,0.739073,175.0,95.0,0.70085686,150.0,96.0,0.64810836,173.0,120.0,0.6544776,156.0,120.0,0.55533624,200.0,117.0,0.72047997
images.jpg,148.0,45.0,0.6963301,145.0,43.0,0.8281202,146.0,43.0,0.8376389,137.0,46.0,0.8300792,136.0,46.0,0.8181282,133.0,60.0,0.90829754,130.0,60.0,0.90686154,121.0,84.0,0.68262285,117.0,86.0,0.7595389,133.0,104.0,0.55993307,131.0,104.0,0.7175322,135.0,113.0,0.8460758,129.0,114.0,0.93823117,173.0,116.0,0.73002857,118.0,152.0,0.72475535,163.0,158.0,0.74557114,75.0,148.0,0.83670664
imagess.jpg,151.0,45.0,0.68182135,154.0,42.0,0.7005266,154.0,42.0,0.53653,164.0,46.0,0.7329559,163.0,45.0,0.8473281,169.0,61.0,0.81452537,167.0,60.0,0.8688353,183.0,85.0,0.6707973,178.0,82.0,0.41841373,169.0,105.0,0.6786617,167.0,102.0,0.42935652,170.0,113.0,0.83854425,164.0,111.0,0.74157745,181.0,152.0,0.5984625,128.0,117.0,0.9062524,227.0,146.0,0.9087446,136.0,158.0,0.77430433
imm.jpg,124.0,30.0,0.8714196,121.0,25.0,0.7802074,121.0,25.0,0.804439,108.0,24.0,0.7663064,107.0,25.0,0.88080615,103.0,44.0,0.6794386,101.0,42.0,0.9455789,92.0,72.0,0.5931604,88.0,73.0,0.92212206,104.0,100.0,0.46260637,103.0,100.0,0.73271394,100.0,109.0,0.887747,96.0,108.0,0.9066931,155.0,112.0,0.824212,82.0,162.0,0.7610904,157.0,163.0,0.84904146,29.0,155.0,0.81089205
ko.jpg,150.0,43.0,0.84742105,153.0,40.0,0.77658415,151.0,40.0,0.79479164,162.0,43.0,0.8786574,157.0,42.0,0.6329452,167.0,61.0,0.8763735,151.0,59.0,0.80381745,171.0,88.0,0.891271,155.0,82.0,0.5682552,170.0,108.0,0.82500225,154.0,100.0,0.2081326,160.0,100.0,0.76162964,147.0,97.0,0.82625103,176.0,135.0,0.615961,117.0,107.0,0.91512007,205.0,134.0,0.75922614,116.0,141.0,0.8589945
koo.jpg,109.0,44.0,0.821928,109.0,41.0,0.5946113,106.0,41.0,0.6635655,102.0,42.0,0.8543677,98.0,43.0,0.833033,106.0,58.0,0.8437165,92.0,62.0,0.95889723,101.0,83.0,0.3818652,88.0,88.0,0.6211269,103.0,100.0,0.2533147,87.0,109.0,0.7045618,112.0,97.0,0.9306816,100.0,100.0,0.8799008,143.0,107.0,0.7896723,84.0,135.0,0.8198478,144.0,141.0,0.95644045,54.0,134.0,0.8070703
mim.jpg,126.0,21.0,0.7741015,122.0,17.0,0.8501597,122.0,17.0,0.8769244,110.0,20.0,0.9295045,109.0,21.0,0.89307076,110.0,43.0,0.61064816,100.0,42.0,0.9547056,105.0,81.0,0.778648,97.0,83.0,0.89543515,111.0,114.0,0.49832717,103.0,118.0,0.73487425,112.0,106.0,0.79088056,96.0,108.0,0.86745167,157.0,111.0,0.9171485,78.0,163.0,0.78676665,143.0,164.0,0.8937214,24.0,159.0,0.8960248
mimi.jpg,146.0,21.0,0.7650467,142.0,17.0,0.70102227,141.0,16.0,0.85199565,129.0,20.0,0.90294677,126.0,21.0,0.81875616,125.0,46.0,0.8054282,121.0,45.0,0.6245806,99.0,70.0,0.55075926,92.0,72.0,0.83898985,110.0,97.0,0.5499464,105.0,99.0,0.8220012,109.0,119.0,0.8232635,107.0,118.0,0.87146854,78.0,164.0,0.9395623,163.0,132.0,0.6827197,27.0,169.0,0.84572357,151.0,187.0,0.90785104
mimii.jpg,106.0,22.0,0.8813657,111.0,17.0,0.6788596,110.0,17.0,0.8347377,125.0,21.0,0.9215891,124.0,20.0,0.87069196,133.0,45.0,0.8820877,128.0,44.0,0.79524344,161.0,73.0,0.6665722,143.0,70.0,0.36986113,147.0,100.0,0.6233983,141.0,95.0,0.57324576,146.0,117.0,0.8867851,144.0,118.0,0.82963216,90.0,132.0,0.9091944,174.0,164.0,0.94334584,102.0,188.0,0.8751337,227.0,169.0,0.8481574
mimm.jpg,149.0,22.0,0.71786284,152.0,18.0,0.63475466,152.0,18.0,0.78340125,166.0,21.0,0.8931495,165.0,21.0,0.65406704,172.0,42.0,0.8261071,166.0,41.0,0.9129725,176.0,83.0,0.6012827,173.0,81.0,0.8530164,171.0,118.0,0.82411075,168.0,113.0,0.47316837,174.0,106.0,0.7780974,161.0,103.0,0.8549795,195.0,163.0,0.8827312,118.0,112.0,0.7918012,251.0,158.0,0.87493426,130.0,164.0,0.8712015
piernas.jpg,372.0,121.0,0.72688127,368.0,113.0,0.74065596,368.0,114.0,0.7464237,350.0,116.0,0.7571403,349.0,115.0,0.9292096,344.0,154.0,0.8514707,341.0,158.0,0.9463491,347.0,225.0,0.7386458,342.0,228.0,0.9033,361.0,282.0,0.68141544,359.0,282.0,0.69752896,350.0,264.0,0.8177014,343.0,268.0,0.88139325,441.0,275.0,0.7243408,315.0,352.0,0.9067688,441.0,361.0,0.94273126,230.0,359.0,0.898297
piernass.jpg,325.0,121.0,0.7622973,330.0,113.0,0.8397393,330.0,113.0,0.845356,352.0,116.0,0.85242945,351.0,116.0,0.8364222,357.0,159.0,0.74390334,356.0,155.0,0.8897892,354.0,232.0,0.7283816,354.0,229.0,0.69506145,340.0,287.0,0.63530254,341.0,281.0,0.7918795,355.0,268.0,0.7178582,349.0,265.0,0.8129146,383.0,352.0,0.74664617,260.0,274.0,0.64063394,472.0,359.0,0.7716152,256.0,360.0,0.8312621
rodilla.jpg,682.0,164.0,0.8221371,676.0,147.0,0.85479856,672.0,147.0,0.8991978,641.0,147.0,0.6269177,629.0,148.0,0.8188064,646.0,219.0,0.92968094,605.0,223.0,0.9069528,610.0,306.0,0.44019738,538.0,334.0,0.9557494,649.0,381.0,0.5409437,602.0,402.0,0.86847126,668.0,413.0,0.94172025,618.0,427.0,0.9501408,813.0,431.0,0.942008,559.0,608.0,0.8612929,813.0,599.0,0.7454634,402.0,554.0,0.9580597
rodillaa.jpg,597.0,162.0,0.891345,611.0,147.0,0.8142646,602.0,146.0,0.72096485,656.0,148.0,0.89372444,636.0,147.0,0.80266935,670.0,223.0,0.8112598,636.0,213.0,0.65723336,741.0,338.0,0.9521454,675.0,307.0,0.5139411,675.0,397.0,0.8346361,657.0,386.0,0.57330406,663.0,428.0,0.9242077,617.0,416.0,0.8885591,723.0,608.0,0.79215574,468.0,434.0,0.82250607,870.0,555.0,0.9490272,464.0,599.0,0.9505086
walkinglunge.jpg,514.0,151.0,0.8245831,515.0,141.0,0.8358516,498.0,141.0,0.7409121,502.0,147.0,0.28764907,466.0,150.0,0.8357086,509.0,237.0,0.67644763,424.0,218.0,0.84093636,510.0,330.0,0.6727154,390.0,325.0,0.5399236,524.0,412.0,0.3230833,413.0,424.0,0.86528015,475.0,386.0,0.7436898,416.0,388.0,0.8229034,573.0,425.0,0.73804784,367.0,559.0,0.92864114,515.0,559.0,0.70887595,252.0,533.0,0.7875975
walkinglungee.jpg,487.0,149.0,0.87256736,500.0,140.0,0.7237433,486.0,139.0,0.8837992,535.0,150.0,0.8762491,499.0,148.0,0.40970862,576.0,221.0,0.8967878,491.0,239.0,0.9044511,612.0,328.0,0.6605803,497.0,325.0,0.5680759,584.0,424.0,0.83647585,479.0,400.0,0.459252,585.0,399.0,0.7380959,526.0,394.0,0.8104243,633.0,559.0,0.8317301,425.0,427.0,0.6907239,740.0,531.0,0.7616979,484.0,553.0,0.8099419
zancadas.jpg_6169935622.jpg,258.0,71.0,0.7442001,259.0,61.0,0.7325959,259.0,60.0,0.7517112,239.0,47.0,0.88214743,236.0,46.0,0.87972957,216.0,82.0,0.8416314,202.0,80.0,0.64582723,212.0,157.0,0.7161939,198.0,165.0,0.6851218,216.0,223.0,0.4775923,197.0,230.0,0.5303092,223.0,205.0,0.88009274,205.0,207.0,0.8635041,310.0,217.0,0.7670391,195.0,310.0,0.8096766,289.0,314.0,0.8755529,99.0,306.0,0.80258954
