18.jpg,159.0,54.0,0.7908646,166.0,46.0,0.8492521,166.0,45.0,0.8027928,192.0,50.0,0.740178,191.0,49.0,0.7839263,200.0,96.0,0.9026463,195.0,94.0,0.8770181,222.0,166.0,0.8343209,213.0,159.0,0.64072204,189.0,212.0,0.58762604,186.0,206.0,0.6597795,187.0,226.0,0.79107666,177.0,217.0,0.817152,180.0,324.0,0.889346,93.0,202.0,0.69513214,196.0,408.0,0.8964528,104.0,289.0,0.8144806
188.jpg,138.0,54.0,0.80626047,131.0,45.0,0.890392,131.0,45.0,0.85736483,108.0,49.0,0.69630873,106.0,50.0,0.6936,102.0,94.0,0.9151387,96.0,96.0,0.8102798,83.0,164.0,0.5362511,74.0,168.0,0.6568982,112.0,209.0,0.616637,109.0,211.0,0.73821247,118.0,220.0,0.8820666,110.0,226.0,0.86946714,207.0,200.0,0.89335155,116.0,326.0,0.8588417,196.0,285.0,0.77709115,103.0,409.0,0.85778046
202.jpg,146.0,23.0,0.79644835,149.0,20.0,0.5488264,142.0,20.0,0.8772535,154.0,21.0,0.77240294,138.0,21.0,0.6439458,165.0,41.0,0.80385476,128.0,42.0,0.86607337,185.0,62.0,0.8286011,108.0,61.0,0.78948236,170.0,78.0,0.8808922,124.0,79.0,0.87967646,157.0,88.0,0.828561,136.0,87.0,0.7763353,154.0,135.0,0.8023747,138.0,104.0,0.7058476,146.0,172.0,0.7535231,139.0,138.0,0.7718388
2022.jpg,154.0,24.0,0.71012676,157.0,20.0,0.8021647,151.0,20.0,0.46778765,162.0,22.0,0.7476349,146.0,22.0,0.65894234,172.0,43.0,0.8242981,136.0,43.0,0.9103008,192.0,61.0,0.70005035,116.0,61.0,0.9278745,178.0,79.0,0.74223125,130.0,79.0,0.89841825,164.0,87.0,0.90147865,144.0,89.0,0.91396606,162.0,106.0,0.6024756,146.0,133.0,0.8340023,160.0,140.0,0.6320619,154.0,172.0,0.8193691
21.jpg,264.0,84.0,0.80004966,270.0,76.0,0.67007303,268.0,75.0,0.8003162,297.0,79.0,0.7695999,291.0,78.0,0.7428173,312.0,127.0,0.83635414,277.0,126.0,0.80615187,318.0,206.0,0.71797013,240.0,151.0,0.75586885,307.0,267.0,0.75278115,190.0,135.0,0.7070153,287.0,247.0,0.6650975,282.0,242.0,0.6961775,188.0,248.0,0.87254214,295.0,347.0,0.89365405,241.0,326.0,0.69443595,295.0,436.0,0.85485566
211.jpg,240.0,83.0,0.81937546,234.0,75.0,0.90229195,232.0,74.0,0.7928968,210.0,77.0,0.763504,206.0,78.0,0.7661892,226.0,123.0,0.7999218,190.0,128.0,0.9318907,266.0,148.0,0.8196671,185.0,209.0,0.76501954,312.0,138.0,0.925956,194.0,268.0,0.81744355,222.0,243.0,0.7403989,214.0,246.0,0.8271843,209.0,348.0,0.86910963,318.0,247.0,0.8014238,207.0,433.0,0.8560691,259.0,328.0,0.7473667
2484037.jpg,312.0,179.0,0.79641235,326.0,166.0,0.5495063,296.0,167.0,0.87432253,346.0,183.0,0.8154583,280.0,182.0,0.77877533,387.0,252.0,0.9214458,247.0,258.0,0.67538613,392.0,357.0,0.7891902,254.0,374.0,0.8235924,297.0,294.0,0.72077835,311.0,303.0,0.31121537,346.0,469.0,0.88786626,259.0,461.0,0.793302,325.0,633.0,0.6217226,256.0,622.0,0.6814539,309.0,785.0,0.7384572,268.0,750.0,0.7655023
24840377.jpg,283.0,183.0,0.74513733,297.0,167.0,0.8766674,267.0,168.0,0.79175013,316.0,179.0,0.8031376,251.0,183.0,0.67335224,354.0,262.0,0.7928823,212.0,252.0,0.79744637,344.0,375.0,0.77357167,204.0,354.0,0.7073945,283.0,295.0,0.37028983,301.0,292.0,0.6004956,329.0,461.0,0.8336628,246.0,471.0,0.87448984,330.0,630.0,0.5720097,266.0,634.0,0.71161485,327.0,749.0,0.67288345,289.0,791.0,0.7756669
333.jpg,84.0,33.0,0.70277566,81.0,28.0,0.83881813,81.0,28.0,0.7895634,68.0,30.0,0.6787843,68.0,31.0,0.91445404,64.0,54.0,0.8179409,60.0,56.0,0.80552673,56.0,96.0,0.5137001,52.0,99.0,0.957427,60.0,134.0,0.4383576,56.0,135.0,0.5506215,76.0,117.0,0.873359,68.0,122.0,0.85829437,128.0,108.0,0.87706614,70.0,184.0,0.7579571,118.0,167.0,0.85586923,64.0,243.0,0.72250307
3333.jpg,92.0,33.0,0.79740137,95.0,28.0,0.71259,95.0,28.0,0.63803756,108.0,31.0,0.80161977,107.0,31.0,0.6982523,115.0,56.0,0.9209596,112.0,55.0,0.8949033,123.0,98.0,0.50442195,119.0,97.0,0.63631845,121.0,136.0,0.6835129,117.0,135.0,0.5347382,106.0,124.0,0.8429912,100.0,119.0,0.87900686,105.0,186.0,0.90968597,48.0,111.0,0.7811922,113.0,244.0,0.8217064,59.0,170.0,0.9064939
42.jpg,54.0,45.0,0.7871061,58.0,42.0,0.8481594,50.0,42.0,0.8568151,62.0,45.0,0.7574607,45.0,45.0,0.8834097,67.0,64.0,0.8695002,37.0,63.0,0.9465403,72.0,90.0,0.753523,30.0,87.0,0.89145064,79.0,109.0,0.91274405,23.0,108.0,0.9200697,59.0,106.0,0.8635428,42.0,103.0,0.8223714,58.0,143.0,0.46394935,55.0,125.0,0.6099852,52.0,181.0,0.6266229,53.0,170.0,0.29983494
422.jpg,45.0,46.0,0.6799978,49.0,42.0,0.75744426,42.0,43.0,0.75448716,54.0,45.0,0.80233294,38.0,46.0,0.85167533,62.0,62.0,0.9244239,33.0,64.0,0.9280731,70.0,87.0,0.8633741,28.0,89.0,0.9140176,77.0,109.0,0.75853527,21.0,109.0,0.82871974,58.0,104.0,0.75537884,40.0,105.0,0.83254415,43.0,122.0,0.64700407,43.0,142.0,0.50225306,44.0,167.0,0.35609883,47.0,179.0,0.32505524
78y.jpg,88.0,26.0,0.6250024,92.0,21.0,0.6892798,84.0,21.0,0.68580973,98.0,21.0,0.6775517,80.0,21.0,0.7690149,109.0,45.0,0.88434607,68.0,45.0,0.85440874,118.0,78.0,0.9441028,58.0,78.0,0.7141755,118.0,108.0,0.6512375,62.0,108.0,0.8838533,100.0,103.0,0.81794626,76.0,104.0,0.85839987,108.0,124.0,0.8567418,79.0,154.0,0.8739816,101.0,175.0,0.8930984,85.0,209.0,0.8550555
78yy.jpg,116.0,27.0,0.7574228,120.0,22.0,0.83566844,112.0,22.0,0.7725307,124.0,21.0,0.83299506,106.0,21.0,0.8360521,136.0,45.0,0.8999764,95.0,46.0,0.9461174,145.0,79.0,0.7673557,87.0,79.0,0.910744,142.0,110.0,0.8449524,87.0,109.0,0.67139745,126.0,105.0,0.7370551,103.0,105.0,0.86058766,126.0,155.0,0.72455156,98.0,123.0,0.7324285,118.0,209.0,0.88243806,103.0,174.0,0.85325325
8041net.jpg,432.0,140.0,0.7295846,438.0,125.0,0.845009,417.0,123.0,0.6923014,425.0,128.0,0.5954859,376.0,128.0,0.7708781,435.0,215.0,0.8342162,328.0,207.0,0.76328397,487.0,231.0,0.70134026,218.0,205.0,0.9085713,537.0,241.0,0.7054481,117.0,199.0,0.85291684,423.0,436.0,0.8006192,353.0,439.0,0.7910323,527.0,455.0,0.8111617,359.0,623.0,0.75270796,533.0,653.0,0.737492,347.0,795.0,0.76008993
8041nett.jpg,455.0,141.0,0.69066644,469.0,125.0,0.87344736,448.0,127.0,0.5570495,510.0,129.0,0.6788985,455.0,132.0,0.30400375,554.0,210.0,0.7714672,445.0,213.0,0.71771866,659.0,205.0,0.7180373,383.0,238.0,0.542796,770.0,202.0,0.7974539,339.0,245.0,0.41598526,527.0,441.0,0.7758846,459.0,434.0,0.7796912,527.0,621.0,0.77183735,361.0,451.0,0.6527211,542.0,791.0,0.7134935,351.0,646.0,0.7651987
IMG_4959.jpg,628.0,120.0,0.8740914,630.0,110.0,0.90121543,615.0,108.0,0.71300244,617.0,111.0,0.8079901,584.0,110.0,0.946765,640.0,181.0,0.7638732,548.0,171.0,0.89142287,679.0,260.0,0.75999016,495.0,249.0,0.9120171,731.0,199.0,0.9156165,479.0,191.0,0.8474784,610.0,330.0,0.65536577,560.0,321.0,0.7871785,606.0,489.0,0.8361145,668.0,324.0,0.81932545,592.0,611.0,0.22870335,665.0,467.0,0.9005894
IMG_49599.jpg,534.0,121.0,0.61217225,545.0,107.0,0.9039627,529.0,109.0,0.90915847,577.0,108.0,0.9244991,540.0,112.0,0.7218629,608.0,170.0,0.9144393,521.0,182.0,0.9333888,665.0,250.0,0.86560804,480.0,260.0,0.9491352,684.0,191.0,0.9137809,429.0,200.0,0.9238617,594.0,319.0,0.60814357,546.0,325.0,0.6549994,493.0,324.0,0.77620554,555.0,493.0,0.8736727,494.0,470.0,0.794347,569.0,613.0,0.38907853
IMG_8041net.jpg,432.0,140.0,0.7295846,438.0,125.0,0.845009,417.0,123.0,0.6923014,425.0,128.0,0.5954859,376.0,128.0,0.7708781,435.0,215.0,0.8342162,328.0,207.0,0.76328397,487.0,231.0,0.70134026,218.0,205.0,0.9085713,537.0,241.0,0.7054481,117.0,199.0,0.85291684,423.0,436.0,0.8006192,353.0,439.0,0.7910323,527.0,455.0,0.8111617,359.0,623.0,0.75270796,533.0,653.0,0.737492,347.0,795.0,0.76008993
IMG_8041nett.jpg,455.0,141.0,0.69066644,469.0,125.0,0.87344736,448.0,127.0,0.5570495,510.0,129.0,0.6788985,455.0,132.0,0.30400375,554.0,210.0,0.7714672,445.0,213.0,0.71771866,659.0,205.0,0.7180373,383.0,238.0,0.542796,770.0,202.0,0.7974539,339.0,245.0,0.41598526,527.0,441.0,0.7758846,459.0,434.0,0.7796912,527.0,621.0,0.77183735,361.0,451.0,0.6527211,542.0,791.0,0.7134935,351.0,646.0,0.7651987
SLbalance.jpg,395.0,85.0,0.8566099,404.0,78.0,0.74404085,393.0,78.0,0.88598865,425.0,84.0,0.9166173,399.0,82.0,0.6706264,449.0,123.0,0.85279804,382.0,119.0,0.8823819,494.0,169.0,0.78245693,367.0,160.0,0.7702731,451.0,218.0,0.9420709,369.0,198.0,0.850411,414.0,230.0,0.8834189,378.0,219.0,0.9401657,403.0,331.0,0.70802087,305.0,227.0,0.84853435,398.0,414.0,0.93081695,310.0,328.0,0.7394452
SLbalancee.jpg,371.0,82.0,0.70179826,373.0,75.0,0.7927171,360.0,76.0,0.68519795,369.0,79.0,0.73404646,343.0,83.0,0.8497397,385.0,117.0,0.9293055,317.0,120.0,0.8736269,399.0,163.0,0.74573076,272.0,169.0,0.84071285,399.0,205.0,0.44991654,317.0,218.0,0.899809,386.0,222.0,0.90840846,352.0,231.0,0.9246911,462.0,225.0,0.9671471,364.0,331.0,0.76455355,457.0,330.0,0.89544904,367.0,413.0,0.91327834
bf892ca0923d.jpg,267.0,32.0,0.58110833,274.0,25.0,0.90966254,261.0,26.0,0.673928,284.0,29.0,0.91569823,254.0,30.0,0.82789904,301.0,67.0,0.7978848,238.0,69.0,0.7692295,311.0,114.0,0.87471795,234.0,116.0,0.9235914,313.0,67.0,0.768469,229.0,71.0,0.7351323,297.0,151.0,0.7909485,259.0,158.0,0.7566485,287.0,160.0,0.7771825,266.0,249.0,0.8709867,287.0,244.0,0.7260268,276.0,317.0,0.88459826
bf892ca0923dd.jpg,282.0,32.0,0.79679877,288.0,26.0,0.9178332,275.0,25.0,0.78420717,294.0,30.0,0.8580251,264.0,30.0,0.64206785,310.0,69.0,0.8501789,248.0,67.0,0.79997015,318.0,116.0,0.88684654,238.0,114.0,0.8419134,320.0,70.0,0.57655996,236.0,68.0,0.71176076,294.0,159.0,0.79879785,255.0,150.0,0.6576477,282.0,246.0,0.8877656,264.0,160.0,0.72226655,274.0,312.0,0.90280473,264.0,244.0,0.78175044
by.jpg,99.0,31.0,0.74552035,103.0,27.0,0.7869127,102.0,26.0,0.8400347,118.0,28.0,0.8303622,115.0,27.0,0.76233435,127.0,52.0,0.9054933,112.0,53.0,0.8291695,131.0,101.0,0.8561083,118.0,97.0,0.547436,118.0,139.0,0.7657496,112.0,135.0,0.37091184,115.0,131.0,0.86480623,98.0,127.0,0.77403855,113.0,185.0,0.82022977,65.0,157.0,0.73381966,117.0,240.0,0.79831994,69.0,216.0,0.80374736
byy.jpg,83.0,31.0,0.7561071,80.0,27.0,0.8078959,79.0,26.0,0.7231643,67.0,28.0,0.7753392,64.0,28.0,0.851612,69.0,52.0,0.7870363,53.0,52.0,0.8954198,65.0,96.0,0.41124272,49.0,100.0,0.8855804,79.0,128.0,0.4198693,63.0,139.0,0.6186688,84.0,127.0,0.8868223,68.0,132.0,0.7999244,117.0,156.0,0.7121575,68.0,188.0,0.60251164,111.0,215.0,0.8341769,66.0,239.0,0.9079264
descarga.jpg,28.0,20.0,0.56238616,31.0,17.0,0.61224866,30.0,17.0,0.7281492,39.0,18.0,0.6540376,38.0,18.0,0.62034285,43.0,34.0,0.8988962,40.0,35.0,0.7096878,44.0,60.0,0.6497914,44.0,60.0,0.65259314,41.0,80.0,0.4447826,41.0,80.0,0.40758216,43.0,80.0,0.746559,40.0,80.0,0.8491431,49.0,121.0,0.8210466,10.0,96.0,0.8120674,51.0,155.0,0.8222227,19.0,131.0,0.90788764
descargaa.jpg,44.0,20.0,0.7272289,41.0,17.0,0.75746745,41.0,17.0,0.62731266,34.0,18.0,0.7596591,33.0,19.0,0.68382645,31.0,34.0,0.8773291,30.0,35.0,0.79475164,28.0,61.0,0.53257895,26.0,63.0,0.7737781,32.0,83.0,0.5043641,32.0,84.0,0.5528857,31.0,80.0,0.79900444,28.0,79.0,0.70946866,60.0,95.0,0.80726457,23.0,119.0,0.86306596,54.0,132.0,0.5958465,20.0,155.0,0.81950176
fitness5.jpg,613.0,101.0,0.64857125,624.0,90.0,0.7893889,601.0,89.0,0.7270518,642.0,93.0,0.57911617,582.0,94.0,0.6743667,673.0,173.0,0.828413,548.0,174.0,0.82692,731.0,255.0,0.79247904,479.0,248.0,0.6601523,689.0,330.0,0.52319956,515.0,329.0,0.84252095,641.0,358.0,0.6966253,565.0,349.0,0.64419687,628.0,524.0,0.66225064,563.0,476.0,0.6857158,596.0,679.0,0.7367381,546.0,589.0,0.66598463
fitness55.jpg,586.0,104.0,0.7770863,598.0,91.0,0.7525196,573.0,91.0,0.7841399,616.0,93.0,0.8273078,557.0,94.0,0.72675157,652.0,171.0,0.6593046,522.0,170.0,0.9084094,726.0,246.0,0.94281244,471.0,252.0,0.6685051,688.0,328.0,0.72444737,508.0,329.0,0.8285871,629.0,347.0,0.87943256,554.0,354.0,0.90194076,636.0,476.0,0.86794764,571.0,527.0,0.91329825,653.0,588.0,0.8344668,605.0,678.0,0.7421363
hgDyMm.jpg,800.0,220.0,0.6483212,820.0,204.0,0.86544746,787.0,202.0,0.7371441,852.0,221.0,0.7920976,768.0,216.0,0.49313575,892.0,334.0,0.59074044,728.0,321.0,0.7557431,921.0,476.0,0.7392268,694.0,470.0,0.713228,888.0,518.0,0.4787703,736.0,530.0,0.6850562,861.0,579.0,0.75982964,759.0,580.0,0.771069,831.0,856.0,0.7950814,747.0,665.0,0.541741,824.0,1061.0,0.9046834,753.0,875.0,0.6297022
hqdefault.jpg,40.0,49.0,0.53358626,46.0,44.0,0.81462276,36.0,43.0,0.7872567,52.0,48.0,0.82574344,29.0,46.0,0.6998447,62.0,71.0,0.91174316,15.0,71.0,0.7841305,66.0,108.0,0.7004508,8.0,104.0,0.8928844,63.0,137.0,0.8566412,4.0,136.0,0.876688,49.0,122.0,0.8869636,21.0,121.0,0.76464015,40.0,177.0,0.85042405,23.0,176.0,0.9084545,38.0,214.0,0.7822908,26.0,199.0,0.80413425
hqdefaultt.jpg,61.0,49.0,0.6645309,66.0,43.0,0.879566,56.0,44.0,0.48811936,74.0,47.0,0.6892284,50.0,48.0,0.7654353,85.0,71.0,0.9106313,40.0,71.0,0.95080304,94.0,103.0,0.57858056,36.0,107.0,0.831329,98.0,134.0,0.906988,39.0,136.0,0.8815575,81.0,118.0,0.89024705,54.0,119.0,0.87164587,78.0,177.0,0.82470036,62.0,177.0,0.86437404,77.0,201.0,0.8295319,64.0,206.0,0.39398518
huhi.jpg,104.0,29.0,0.35598508,108.0,25.0,0.40142232,105.0,24.0,0.44632167,122.0,26.0,0.38416573,113.0,22.0,0.48160955,147.0,45.0,0.64546657,100.0,38.0,0.74911445,89.0,81.0,0.4513303,88.0,81.0,0.5533005,115.0,64.0,0.28028432,115.0,64.0,0.4002504,135.0,114.0,0.71525955,107.0,108.0,0.822318,118.0,168.0,0.38435158,74.0,147.0,0.7510135,119.0,204.0,0.8214252,115.0,166.0,0.18296061
huhii.jpg,87.0,27.0,0.3365503,85.0,21.0,0.353596,84.0,22.0,0.38235226,75.0,21.0,0.32352027,68.0,26.0,0.39911535,90.0,37.0,0.8482585,45.0,49.0,0.6150017,104.0,80.0,0.58134633,101.0,79.0,0.41765007,76.0,62.0,0.35790622,76.0,65.0,0.4402824,86.0,112.0,0.8709148,60.0,118.0,0.68025064,118.0,145.0,0.8793048,76.0,169.0,0.5230878,86.0,160.0,0.22004454,74.0,204.0,0.65457344
imag.jpg,68.0,29.0,0.8145944,72.0,25.0,0.8074241,63.0,25.0,0.9085122,79.0,27.0,0.7611227,59.0,29.0,0.85606164,93.0,51.0,0.6919172,47.0,51.0,0.88694775,113.0,82.0,0.9053409,26.0,76.0,0.8799803,98.0,110.0,0.8494544,38.0,104.0,0.83290386,77.0,119.0,0.89781874,52.0,115.0,0.84671926,71.0,171.0,0.8607572,54.0,146.0,0.8882713,69.0,213.0,0.8657146,48.0,193.0,0.83780134
imag2es.jpg,130.0,32.0,0.7497115,133.0,29.0,0.63333493,132.0,29.0,0.6731621,142.0,31.0,0.673429,141.0,31.0,0.51476705,146.0,48.0,0.8099021,143.0,49.0,0.88563275,145.0,75.0,0.73745835,145.0,74.0,0.7359793,139.0,95.0,0.627571,138.0,94.0,0.60141027,136.0,93.0,0.85603905,136.0,91.0,0.7786194,97.0,99.0,0.8844865,135.0,132.0,0.73578405,98.0,139.0,0.7570056,139.0,168.0,0.9274901
imag2ess.jpg,128.0,32.0,0.7207396,126.0,29.0,0.8709639,126.0,29.0,0.7987346,118.0,31.0,0.8167035,117.0,31.0,0.6543194,115.0,46.0,0.8574469,115.0,48.0,0.93588513,115.0,70.0,0.4552645,115.0,72.0,0.7243785,119.0,93.0,0.3964974,120.0,92.0,0.6650893,121.0,91.0,0.85977626,123.0,90.0,0.8176483,123.0,130.0,0.8576443,162.0,98.0,0.9225483,120.0,167.0,0.8099814,160.0,138.0,0.9147836
image.jpg,97.0,30.0,0.5718773,95.0,28.0,0.7630414,94.0,28.0,0.8240193,86.0,30.0,0.69170254,82.0,32.0,0.69333386,93.0,47.0,0.82811296,84.0,47.0,0.9021978,110.0,52.0,0.9518036,68.0,61.0,0.85181695,112.0,37.0,0.8963231,65.0,75.0,0.7921062,88.0,80.0,0.5744078,83.0,80.0,0.8425285,114.0,73.0,0.54140115,83.0,106.0,0.55725396,110.0,103.0,0.61768353,77.0,130.0,0.4623707
imaged.jpg,221.0,30.0,0.68120015,224.0,27.0,0.8588749,221.0,27.0,0.6299986,236.0,31.0,0.6898901,229.0,29.0,0.30889046,233.0,47.0,0.7501106,223.0,46.0,0.7723754,249.0,62.0,0.9156374,207.0,50.0,0.8049725,253.0,75.0,0.8243222,205.0,37.0,0.8625508,234.0,80.0,0.78561115,229.0,78.0,0.6461595,234.0,106.0,0.32682088,203.0,73.0,0.5143727,207.0,103.0,0.41945657,207.0,102.0,0.39624032
images.jpg,141.0,36.0,0.64131594,142.0,33.0,0.7821671,138.0,33.0,0.6253053,141.0,35.0,0.49663195,132.0,35.0,0.6651431,147.0,49.0,0.82312155,126.0,49.0,0.6891087,167.0,49.0,0.9012456,124.0,44.0,0.46870402,150.0,37.0,0.6113725,142.0,36.0,0.29789212,146.0,88.0,0.8464463,133.0,90.0,0.9033154,167.0,91.0,0.7226649,137.0,126.0,0.86095846,159.0,124.0,0.81789243,138.0,157.0,0.90337753
images3.jpg,133.0,34.0,0.5348393,136.0,33.0,0.6356567,132.0,32.0,0.66200185,142.0,35.0,0.7552994,134.0,34.0,0.5352075,148.0,49.0,0.84571475,128.0,50.0,0.8721235,151.0,45.0,0.5294204,106.0,48.0,0.9276023,141.0,38.0,0.29615247,124.0,37.0,0.6093751,142.0,89.0,0.84039843,129.0,87.0,0.93976647,137.0,125.0,0.8694069,107.0,90.0,0.8199211,137.0,156.0,0.8689019,116.0,124.0,0.8619604
imagesk.jpg,115.0,33.0,0.82686085,120.0,30.0,0.9237914,114.0,30.0,0.9299487,130.0,32.0,0.89125884,118.0,31.0,0.68894744,137.0,50.0,0.65706515,111.0,53.0,0.9100196,157.0,74.0,0.83428645,99.0,78.0,0.7242362,138.0,94.0,0.87380916,80.0,81.0,0.59498537,126.0,102.0,0.8659529,111.0,98.0,0.8344047,121.0,146.0,0.92014956,82.0,80.0,0.81138825,125.0,182.0,0.88352597,92.0,124.0,0.9341778
imageskk.jpg,109.0,34.0,0.7339649,110.0,30.0,0.85718703,105.0,30.0,0.85139596,106.0,32.0,0.64724493,95.0,32.0,0.64479256,114.0,55.0,0.8386533,87.0,51.0,0.9601395,127.0,77.0,0.8096108,68.0,74.0,0.9182275,143.0,84.0,0.65293086,85.0,96.0,0.79045063,113.0,98.0,0.7770789,100.0,102.0,0.93044865,140.0,80.0,0.6751424,102.0,148.0,0.90970635,133.0,123.0,0.7636518,99.0,182.0,0.85519195
imagg.jpg,70.0,29.0,0.86431015,74.0,26.0,0.89668816,65.0,25.0,0.86363953,79.0,28.0,0.6752118,60.0,27.0,0.707986,90.0,50.0,0.84734535,44.0,51.0,0.85817236,113.0,76.0,0.9372873,26.0,82.0,0.86515856,101.0,105.0,0.74128795,39.0,108.0,0.9452741,84.0,112.0,0.90854657,60.0,116.0,0.88361824,84.0,146.0,0.87602943,66.0,170.0,0.8924712,90.0,193.0,0.9000287,68.0,213.0,0.8705476
imji.jpg,93.0,42.0,0.73517543,89.0,37.0,0.74872446,89.0,37.0,0.6809729,76.0,40.0,0.7184442,75.0,41.0,0.8626586,71.0,69.0,0.7786087,72.0,69.0,0.90736514,73.0,101.0,0.2658732,84.0,113.0,0.71161795,99.0,86.0,0.3029357,101.0,85.0,0.66241443,88.0,134.0,0.718808,80.0,139.0,0.79558384,134.0,120.0,0.7445768,84.0,201.0,0.86672276,118.0,164.0,0.8252696,79.0,250.0,0.861917
imjii.jpg,72.0,41.0,0.60161865,77.0,36.0,0.7096945,76.0,36.0,0.850583,92.0,41.0,0.6587125,90.0,40.0,0.8023961,95.0,70.0,0.7925465,93.0,68.0,0.8337376,80.0,116.0,0.5995821,87.0,100.0,0.3659517,65.0,82.0,0.75803274,66.0,82.0,0.39221138,85.0,142.0,0.8399423,77.0,135.0,0.80511576,81.0,199.0,0.8957665,28.0,119.0,0.69298524,86.0,251.0,0.7928971,49.0,166.0,0.8413143
jgii.jpg,148.0,34.0,0.41837266,147.0,31.0,0.89793205,147.0,31.0,0.9041946,138.0,30.0,0.88876814,138.0,30.0,0.912189,129.0,44.0,0.88267416,129.0,45.0,0.9358667,139.0,70.0,0.46447662,141.0,72.0,0.7384894,161.0,58.0,0.3186578,163.0,57.0,0.8215591,127.0,92.0,0.89576167,128.0,94.0,0.8290457,135.0,125.0,0.7565167,164.0,90.0,0.8552098,128.0,157.0,0.80005044,178.0,126.0,0.758928
ji.jpg,93.0,39.0,0.60298455,100.0,34.0,0.8060864,88.0,33.0,0.8899959,106.0,39.0,0.72659385,79.0,37.0,0.8437191,116.0,70.0,0.89582264,64.0,65.0,0.9075877,118.0,108.0,0.8454607,56.0,103.0,0.83920616,114.0,142.0,0.8712742,54.0,140.0,0.76818573,99.0,131.0,0.8758203,71.0,128.0,0.8231503,92.0,190.0,0.67659307,71.0,190.0,0.79058456,87.0,236.0,0.7527059,75.0,217.0,0.75473017
ji88.jpg,31.0,19.0,0.608003,34.0,16.0,0.75269777,34.0,16.0,0.7792392,43.0,19.0,0.76979196,42.0,20.0,0.60055995,45.0,40.0,0.7895498,44.0,40.0,0.6201651,46.0,69.0,0.3564333,51.0,66.0,0.46611506,32.0,88.0,0.5479693,41.0,87.0,0.24564643,41.0,92.0,0.78793746,40.0,92.0,0.6399872,39.0,137.0,0.51788676,7.0,100.0,0.4108456,48.0,172.0,0.60153365,36.0,143.0,0.18715759
ji888.jpg,52.0,20.0,0.58752847,49.0,17.0,0.76733524,49.0,17.0,0.76560336,41.0,20.0,0.5766947,41.0,20.0,0.6064898,34.0,40.0,0.6606064,41.0,42.0,0.7459847,25.0,64.0,0.7019769,39.0,70.0,0.34634212,42.0,83.0,0.3382984,49.0,88.0,0.51128584,42.0,90.0,0.7845826,42.0,92.0,0.8575364,53.0,129.0,0.23456722,43.0,137.0,0.7821394,46.0,143.0,0.19398542,35.0,174.0,0.7188454
jii.jpg,88.0,39.0,0.76421237,94.0,32.0,0.84385556,82.0,33.0,0.56638783,103.0,37.0,0.79279023,76.0,38.0,0.7494097,119.0,65.0,0.7727089,67.0,68.0,0.90748125,126.0,105.0,0.765123,64.0,107.0,0.90031,129.0,140.0,0.81407404,68.0,143.0,0.84074324,111.0,129.0,0.76370394,83.0,130.0,0.82546604,112.0,191.0,0.6551628,91.0,188.0,0.77640355,109.0,216.0,0.78952116,95.0,238.0,0.88061535
jiy.jpg,313.0,72.0,0.7952393,320.0,64.0,0.617736,305.0,65.0,0.85779697,330.0,69.0,0.71945924,297.0,71.0,0.73955595,350.0,106.0,0.7507187,280.0,110.0,0.61087835,339.0,140.0,0.64989865,294.0,154.0,0.5994669,302.0,109.0,0.38439044,301.0,110.0,0.5315218,337.0,207.0,0.8131949,294.0,204.0,0.74595225,333.0,297.0,0.8583987,289.0,240.0,0.77566683,325.0,367.0,0.6756859,305.0,308.0,0.7584606
jiyy.jpg,324.0,70.0,0.69847137,333.0,64.0,0.8876308,317.0,62.0,0.81520766,342.0,71.0,0.72932655,308.0,69.0,0.8487403,360.0,112.0,0.7087659,288.0,105.0,0.8721421,343.0,152.0,0.7722442,298.0,137.0,0.47631285,328.0,114.0,0.19340467,336.0,109.0,0.70628345,343.0,204.0,0.8166455,302.0,210.0,0.79964894,350.0,238.0,0.65225995,307.0,301.0,0.78096956,334.0,307.0,0.73725116,311.0,370.0,0.86441755
kkkk.jpg,414.0,73.0,0.5051368,423.0,65.0,0.68654585,406.0,66.0,0.66320884,439.0,72.0,0.739899,394.0,75.0,0.80163395,473.0,144.0,0.92059183,367.0,151.0,0.7449342,493.0,230.0,0.8887786,347.0,237.0,0.89250815,508.0,302.0,0.8812441,332.0,309.0,0.89482516,443.0,281.0,0.7224456,382.0,273.0,0.7771784,428.0,407.0,0.90118736,393.0,270.0,0.7669541,417.0,511.0,0.86502475,387.0,395.0,0.8570761
kkkkk.jpg,385.0,75.0,0.81869316,394.0,68.0,0.85804355,376.0,67.0,0.799037,404.0,77.0,0.80747366,361.0,75.0,0.8390832,436.0,149.0,0.88570714,326.0,144.0,0.8521212,452.0,234.0,0.8690304,307.0,230.0,0.7170485,466.0,308.0,0.77124274,292.0,304.0,0.90301836,420.0,268.0,0.86074567,353.0,275.0,0.875892,409.0,277.0,0.69595444,374.0,407.0,0.9101676,411.0,396.0,0.65812045,382.0,511.0,0.8789704
ko.jpg,97.0,45.0,0.68450797,103.0,39.0,0.77978516,92.0,39.0,0.86574566,110.0,42.0,0.88890666,85.0,41.0,0.8778043,127.0,63.0,0.92198557,71.0,65.0,0.864913,140.0,95.0,0.7881846,64.0,99.0,0.7738483,161.0,120.0,0.88971525,51.0,126.0,0.9240313,125.0,121.0,0.895897,92.0,127.0,0.84191847,125.0,148.0,0.6523804,103.0,175.0,0.6887539,124.0,186.0,0.8603994,108.0,207.0,0.77012646
kok.jpg,33.0,30.0,0.71352774,33.0,25.0,0.74897516,34.0,25.0,0.73047256,41.0,25.0,0.7906512,42.0,25.0,0.6649908,46.0,44.0,0.8687146,59.0,45.0,0.5540966,49.0,74.0,0.8464912,71.0,73.0,0.53052086,22.0,72.0,0.69652736,71.0,96.0,0.6293174,51.0,98.0,0.77525926,52.0,97.0,0.7245438,49.0,140.0,0.5917289,28.0,122.0,0.79638237,57.0,179.0,0.88635445,57.0,153.0,0.7826716
kokkk.jpg,178.0,29.0,0.77542293,176.0,24.0,0.5836539,177.0,24.0,0.509875,169.0,25.0,0.74566936,169.0,25.0,0.78758323,156.0,44.0,0.6613711,163.0,44.0,0.89126325,140.0,72.0,0.65247875,161.0,74.0,0.8944381,139.0,97.0,0.7878425,185.0,72.0,0.801972,163.0,97.0,0.8289579,159.0,97.0,0.85898125,182.0,123.0,0.68614304,163.0,139.0,0.6848179,153.0,151.0,0.59674,154.0,179.0,0.8406919
koo.jpg,104.0,45.0,0.74748385,109.0,38.0,0.8612582,97.0,39.0,0.9220668,115.0,40.0,0.89508206,91.0,41.0,0.87285304,129.0,65.0,0.8880032,73.0,62.0,0.9301151,136.0,101.0,0.8317882,59.0,95.0,0.85097027,151.0,125.0,0.8995388,39.0,120.0,0.9181203,107.0,124.0,0.90445673,76.0,118.0,0.7961614,99.0,172.0,0.7803133,76.0,151.0,0.7480992,92.0,207.0,0.8563072,77.0,185.0,0.91458654
malt.jpg,651.0,164.0,0.7078657,662.0,155.0,0.91608334,640.0,154.0,0.9389805,676.0,164.0,0.9312021,627.0,163.0,0.8950049,707.0,227.0,0.8038517,590.0,224.0,0.9531256,774.0,276.0,0.9538554,521.0,276.0,0.8757238,851.0,298.0,0.72570884,449.0,285.0,0.8555434,665.0,380.0,0.88554186,603.0,362.0,0.83016413,649.0,507.0,0.8345089,586.0,403.0,0.63123775,636.0,627.0,0.7729025,596.0,513.0,0.8393989
maltt.jpg,629.0,166.0,0.7630315,639.0,155.0,0.8996432,617.0,156.0,0.94125164,654.0,163.0,0.72214055,604.0,164.0,0.8606547,691.0,224.0,0.7971911,570.0,225.0,0.8848788,756.0,276.0,0.96449804,504.0,280.0,0.91126627,831.0,287.0,0.8075912,428.0,298.0,0.9301095,679.0,358.0,0.9214579,612.0,379.0,0.8690813,695.0,399.0,0.885485,631.0,513.0,0.94489783,684.0,514.0,0.89642376,644.0,628.0,0.8645204
max.jpg,615.0,76.0,0.83233047,608.0,62.0,0.7419707,603.0,62.0,0.78973716,571.0,64.0,0.8187891,562.0,65.0,0.9042923,568.0,139.0,0.77222097,531.0,142.0,0.8865885,555.0,232.0,0.4627003,493.0,252.0,0.7530766,576.0,311.0,0.50117445,547.0,325.0,0.81864643,601.0,343.0,0.89572585,553.0,355.0,0.8299565,685.0,414.0,0.7698606,565.0,481.0,0.80952746,685.0,538.0,0.78767425,557.0,609.0,0.77650905
maxreault.jpg,300.0,104.0,0.5709806,309.0,92.0,0.5791615,303.0,92.0,0.588704,347.0,98.0,0.54802233,340.0,98.0,0.14408958,356.0,177.0,0.67832166,362.0,173.0,0.47716948,345.0,281.0,0.49815112,347.0,278.0,0.27043083,272.0,292.0,0.35942894,274.0,294.0,0.3062282,339.0,344.0,0.5309013,363.0,350.0,0.4393038,209.0,384.0,0.5439856,345.0,495.0,0.57245964,274.0,515.0,0.6281413,367.0,636.0,0.8497595
maxreaultt.jpg,395.0,103.0,0.69255626,389.0,91.0,0.4730562,387.0,91.0,0.74927354,357.0,95.0,0.22696333,351.0,96.0,0.51230264,340.0,170.0,0.59115547,340.0,176.0,0.5084348,345.0,274.0,0.4465489,345.0,280.0,0.6400789,416.0,290.0,0.3364821,421.0,294.0,0.4584867,335.0,342.0,0.51725525,343.0,340.0,0.45546818,352.0,497.0,0.6148727,484.0,382.0,0.5955974,327.0,637.0,0.7978043,421.0,515.0,0.65279096
maxresdef.jpg,731.0,135.0,0.88237745,741.0,123.0,0.6905626,719.0,124.0,0.90261537,756.0,129.0,0.7938689,707.0,130.0,0.85548043,793.0,199.0,0.8989103,669.0,201.0,0.95330423,813.0,286.0,0.89719206,625.0,275.0,0.84900105,822.0,369.0,0.9213162,576.0,337.0,0.9398913,772.0,331.0,0.886095,697.0,340.0,0.88307536,753.0,384.0,0.6776002,719.0,494.0,0.82099295,760.0,493.0,0.6003598,735.0,610.0,0.68662095
maxresdeff.jpg,549.0,135.0,0.77126104,559.0,124.0,0.8428359,537.0,124.0,0.8619388,573.0,130.0,0.58382857,522.0,131.0,0.80082893,612.0,203.0,0.9628595,486.0,199.0,0.94383156,652.0,277.0,0.90057546,465.0,288.0,0.91351473,704.0,338.0,0.956571,458.0,371.0,0.85891676,581.0,342.0,0.89762205,509.0,333.0,0.8582827,559.0,498.0,0.9187486,528.0,373.0,0.6825032,547.0,593.0,0.7469383,521.0,492.0,0.8338028
maxx.jpg,662.0,75.0,0.7964035,674.0,61.0,0.63561136,672.0,60.0,0.59544134,713.0,65.0,0.92385334,708.0,65.0,0.714515,750.0,137.0,0.6863379,708.0,136.0,0.655928,782.0,253.0,0.9116998,734.0,235.0,0.5027337,735.0,321.0,0.9149196,712.0,310.0,0.34912047,723.0,352.0,0.78867036,671.0,340.0,0.85385036,713.0,481.0,0.82272995,595.0,413.0,0.921521,723.0,605.0,0.86253846,596.0,537.0,0.7975492
miio.jpg,135.0,20.0,0.68505853,138.0,17.0,0.73195434,132.0,18.0,0.75419414,142.0,18.0,0.70224726,129.0,19.0,0.83677447,152.0,36.0,0.67615783,121.0,36.0,0.869762,164.0,59.0,0.9397765,109.0,57.0,0.905264,156.0,75.0,0.8732062,113.0,72.0,0.8937831,143.0,80.0,0.87356734,127.0,79.0,0.8424209,136.0,118.0,0.8414307,128.0,114.0,0.6472212,134.0,147.0,0.6159148,129.0,138.0,0.6156075
miioo.jpg,123.0,20.0,0.8253433,126.0,17.0,0.83221734,120.0,17.0,0.77990043,129.0,19.0,0.6300343,117.0,18.0,0.84398526,138.0,36.0,0.8896734,107.0,37.0,0.8253978,149.0,56.0,0.9558807,95.0,59.0,0.8965586,146.0,72.0,0.7948961,103.0,76.0,0.87560385,133.0,78.0,0.8918511,116.0,79.0,0.8847028,130.0,115.0,0.61613697,124.0,116.0,0.80077195,131.0,138.0,0.7453909,125.0,152.0,0.810537
mio.jpg,111.0,37.0,0.8108646,114.0,33.0,0.83550185,107.0,33.0,0.6683758,119.0,34.0,0.832732,102.0,34.0,0.742752,129.0,56.0,0.8079737,91.0,54.0,0.9494718,143.0,85.0,0.77733946,72.0,78.0,0.9277043,130.0,105.0,0.7535858,81.0,100.0,0.9459522,120.0,106.0,0.82808286,94.0,103.0,0.6273776,113.0,155.0,0.8960253,109.0,97.0,0.67275536,106.0,196.0,0.8426012,106.0,147.0,0.6388558
mioo.jpg,115.0,37.0,0.8655422,118.0,33.0,0.5846561,111.0,33.0,0.5613774,124.0,34.0,0.8756781,106.0,35.0,0.87372017,134.0,54.0,0.89932007,96.0,57.0,0.9451868,154.0,78.0,0.87235564,83.0,84.0,0.70760524,145.0,101.0,0.7591301,94.0,105.0,0.885935,132.0,103.0,0.8230492,107.0,106.0,0.7652857,118.0,99.0,0.7303767,114.0,155.0,0.8459784,121.0,147.0,0.39033347,120.0,198.0,0.8855511
moom.jpg,132.0,18.0,0.8195263,136.0,16.0,0.78574526,134.0,15.0,0.7489764,147.0,18.0,0.9037782,142.0,18.0,0.65938795,153.0,38.0,0.74766856,136.0,40.0,0.7142143,158.0,68.0,0.89903593,139.0,69.0,0.55583966,153.0,92.0,0.67155015,138.0,91.0,0.37394238,146.0,87.0,0.75254464,140.0,87.0,0.5953258,108.0,95.0,0.81391376,148.0,136.0,0.8205514,109.0,138.0,0.8153362,148.0,178.0,0.5475912
moomm.jpg,126.0,19.0,0.5464857,125.0,16.0,0.79800177,123.0,16.0,0.8679961,116.0,18.0,0.6822047,112.0,18.0,0.8907553,121.0,38.0,0.73448324,106.0,36.0,0.8581469,120.0,69.0,0.5342099,101.0,68.0,0.91724354,131.0,89.0,0.3152548,106.0,91.0,0.8100171,118.0,86.0,0.74938744,113.0,86.0,0.76812285,111.0,136.0,0.8104186,152.0,93.0,0.724718,111.0,176.0,0.3968098,149.0,138.0,0.8984021
nu.jpg,108.0,42.0,0.8088549,112.0,38.0,0.8737414,104.0,38.0,0.7016263,113.0,40.0,0.6434202,97.0,41.0,0.8433882,123.0,66.0,0.92201644,86.0,66.0,0.9563336,122.0,100.0,0.6719403,76.0,101.0,0.8329817,129.0,95.0,0.6202735,91.0,90.0,0.75475925,117.0,120.0,0.82981205,92.0,118.0,0.8420436,112.0,175.0,0.8360001,121.0,127.0,0.7219798,108.0,219.0,0.85980356,117.0,176.0,0.56407803
nuu.jpg,77.0,42.0,0.8029195,81.0,38.0,0.63535154,74.0,38.0,0.8927178,88.0,41.0,0.7340564,71.0,41.0,0.72464544,100.0,66.0,0.81382746,61.0,66.0,0.737293,109.0,103.0,0.90977925,63.0,99.0,0.7803428,93.0,90.0,0.6220757,56.0,94.0,0.755375,93.0,118.0,0.71480346,68.0,121.0,0.6444425,66.0,129.0,0.76169395,75.0,176.0,0.86504066,66.0,180.0,0.7987119,79.0,220.0,0.7974642
paragrapharticle-8584-552f921c1b902.jpg,391.0,66.0,0.68826485,399.0,59.0,0.72073114,385.0,60.0,0.671991,416.0,63.0,0.8584468,383.0,65.0,0.8224898,442.0,101.0,0.69188833,365.0,104.0,0.8909545,476.0,84.0,0.7620283,305.0,97.0,0.7050955,423.0,73.0,0.666152,356.0,79.0,0.80220926,416.0,216.0,0.9290732,372.0,210.0,0.91847086,401.0,329.0,0.87759054,320.0,258.0,0.87300205,397.0,420.0,0.8796538,364.0,335.0,0.8872897
paragrapharticle-8584-552f921c1b9022.jpg,402.0,66.0,0.6487421,409.0,60.0,0.55981994,395.0,59.0,0.4984363,414.0,64.0,0.8113703,380.0,62.0,0.82637775,434.0,105.0,0.899409,360.0,102.0,0.94610375,494.0,97.0,0.9409154,323.0,82.0,0.91133106,441.0,78.0,0.8608597,377.0,73.0,0.66231686,425.0,210.0,0.9274711,382.0,217.0,0.9331057,482.0,258.0,0.9034596,396.0,326.0,0.84459054,439.0,334.0,0.8737046,404.0,421.0,0.8522921
patacoja2.jpg,2364.0,427.0,0.72130066,2375.0,376.0,0.44575796,2335.0,373.0,0.39260823,2269.0,348.0,0.10979963,2185.0,341.0,0.712933,2142.0,655.0,0.41863558,2019.0,642.0,0.49160793,2146.0,1025.0,0.23450875,1897.0,1091.0,0.6200172,2246.0,1138.0,0.19335075,2081.0,1368.0,0.48768178,2204.0,1407.0,0.62279856,2015.0,1464.0,0.49617797,2639.0,1638.0,0.6622994,2042.0,2130.0,0.40532178,2280.0,2081.0,0.57191235,2061.0,2666.0,0.68125796
patacoja22.jpg,2240.0,425.0,0.734814,2263.0,367.0,0.59568167,2225.0,379.0,0.57740504,2420.0,341.0,0.694011,2341.0,362.0,0.11283816,2572.0,634.0,0.37236226,2465.0,639.0,0.45549807,2698.0,1088.0,0.645795,2485.0,1023.0,0.31398627,2524.0,1374.0,0.3745541,2307.0,1133.0,0.47408545,2561.0,1465.0,0.4621306,2409.0,1430.0,0.63519543,2544.0,2112.0,0.40943325,1945.0,1634.0,0.2703087,2542.0,2677.0,0.5647243,2292.0,2069.0,0.5030216
pointe-du-pied-debout-de-femme-heureuse-de-sport-sur-une-jambe-83743178.jpg,400.0,203.0,0.5977849,421.0,178.0,0.7078963,400.0,181.0,0.6853337,487.0,183.0,0.8395546,441.0,183.0,0.6292818,511.0,295.0,0.93519545,438.0,305.0,0.698576,556.0,485.0,0.8039055,338.0,435.0,0.8320424,569.0,639.0,0.87498826,260.0,321.0,0.8093711,478.0,630.0,0.77103627,444.0,633.0,0.703794,240.0,735.0,0.8840854,466.0,891.0,0.57174814,467.0,853.0,0.5101099,506.0,1167.0,0.87782526
pointe-du-pied-debout-de-femme-heureuse-de-sport-sur-une-jambe-837431788.jpg,553.0,203.0,0.83535004,552.0,181.0,0.80608994,528.0,181.0,0.7792169,513.0,184.0,0.6833892,465.0,187.0,0.7983587,518.0,307.0,0.7330364,440.0,296.0,0.796085,622.0,441.0,0.91085804,391.0,487.0,0.9338372,700.0,327.0,0.8550947,381.0,637.0,0.76223177,495.0,632.0,0.79796576,475.0,626.0,0.8458686,492.0,883.0,0.752546,716.0,737.0,0.7234533,446.0,1152.0,0.8925349,486.0,840.0,0.5369657
singleeg.jpg,86.0,37.0,0.72924775,91.0,31.0,0.69236594,80.0,31.0,0.8369268,99.0,34.0,0.7877047,74.0,36.0,0.8516187,117.0,64.0,0.65645146,59.0,64.0,0.8961694,143.0,103.0,0.92516524,33.0,96.0,0.88204503,124.0,136.0,0.8926964,46.0,129.0,0.77171063,97.0,150.0,0.8928152,66.0,143.0,0.8245398,90.0,213.0,0.89264846,68.0,183.0,0.88105345,87.0,266.0,0.7032377,61.0,242.0,0.8727034
slide-2-1024.jpg,282.0,40.0,0.8843904,289.0,33.0,0.7376882,275.0,33.0,0.8383046,297.0,37.0,0.8244598,265.0,35.0,0.6880757,314.0,78.0,0.91829,241.0,74.0,0.93672746,326.0,110.0,0.9224941,201.0,109.0,0.97671694,303.0,110.0,0.8294792,155.0,131.0,0.91882235,288.0,165.0,0.92610884,247.0,159.0,0.8832112,276.0,258.0,0.9005898,228.0,183.0,0.5868825,267.0,326.0,0.6101073,244.0,250.0,0.8217286
slide-2-10244.jpg,116.0,40.0,0.89119864,123.0,31.0,0.9023241,108.0,32.0,0.6188469,132.0,34.0,0.8870115,100.0,37.0,0.7965557,155.0,72.0,0.78339624,84.0,79.0,0.8351044,194.0,107.0,0.91579115,73.0,112.0,0.7235522,242.0,130.0,0.94277424,85.0,111.0,0.84268147,149.0,158.0,0.8504877,111.0,168.0,0.9240128,170.0,179.0,0.7503824,122.0,260.0,0.8688048,156.0,252.0,0.8751056,133.0,334.0,0.8753488
u7.jpg,90.0,40.0,0.6074579,91.0,35.0,0.7703558,85.0,35.0,0.8560542,83.0,36.0,0.5375364,72.0,37.0,0.863373,93.0,63.0,0.8650711,59.0,63.0,0.7263266,86.0,95.0,0.36226213,54.0,105.0,0.88143647,92.0,125.0,0.5258721,61.0,140.0,0.84710574,85.0,118.0,0.72356415,69.0,119.0,0.8674282,95.0,179.0,0.8022977,116.0,146.0,0.7221737,72.0,227.0,0.9203402,75.0,175.0,0.8185649
u77.jpg,91.0,39.0,0.7770068,96.0,35.0,0.6926137,91.0,35.0,0.56609946,109.0,38.0,0.79862475,99.0,37.0,0.6284239,122.0,62.0,0.8467438,90.0,61.0,0.8758664,127.0,105.0,0.8519695,98.0,94.0,0.49487284,122.0,139.0,0.77945954,95.0,122.0,0.21900977,113.0,120.0,0.7511231,98.0,119.0,0.8613255,66.0,147.0,0.7592318,86.0,180.0,0.8643837,106.0,175.0,0.80654573,108.0,224.0,0.901504
